Id,Position,First Name,Nickname,Last Name,FPPG,Played,Salary,Game,Team,Opponent,Injury Indicator,Injury Details,Tier,Probable Pitcher,Batting Order
47316-5202,P,Justin,Justin Verlander,Verlander,43,1,11200,LOS@HOU,HOU,LOS,IL,Forearm,,,
47316-52859,P,Jacob,Jacob deGrom,deGrom,39,1,10700,NYM@BOS,NYM,BOS,,,,,
47316-79168,P,Walker,Walker Buehler,Buehler,38.2,30,10500,LOS@HOU,LOS,HOU,,,,Yes,
47316-79246,P,Jack,Jack Flaherty,Flaherty,43,1,10500,STL@MIN,STL,MIN,,,,,
47316-5427,P,Clayton,Clayton Kershaw,Kershaw,38.13793103,29,10300,LOS@HOU,LOS,HOU,IL,Back,,,
47316-68488,P,Blake,Blake Snell,Snell,21,1,10200,ATL@TAM,TAM,ATL,,,,,
47316-5466,P,Charlie,Charlie Morton,Morton,6,1,10200,ATL@TAM,TAM,ATL,,,,,
47316-52172,P,Noah,Noah Syndergaard,Syndergaard,32.65625,32,10000,NYM@BOS,NYM,BOS,IL,Elbow,,,
47316-79162,P,Luis,Luis Castillo,Castillo,52,1,9800,CHC@CIN,CIN,CHC,,,,,
47316-16959,P,Trevor,Trevor Bauer,Bauer,59,1,9700,CHC@CIN,CIN,CHC,,,,,
47316-17064,P,Sonny,Sonny Gray,Gray,52,1,9700,CHC@CIN,CIN,CHC,,,,,
47316-52183,P,Tyler,Tyler Glasnow,Glasnow,36,1,9700,ATL@TAM,TAM,ATL,,,,,
47316-5522,P,Zack,Zack Greinke,Greinke,7,1,9600,LOS@HOU,HOU,LOS,,,,,
47316-12477,P,Chris,Chris Sale,Sale,38.72,25,9500,NYM@BOS,BOS,NYM,IL,Elbow,,,
47316-16931,P,Yu,Yu Darvish,Darvish,18,1,9300,CHC@CIN,CHC,CIN,,,,,
47316-60639,P,Jose,Jose Berrios,Berrios,0,1,9200,STL@MIN,MIN,STL,,,,,
47316-6311,P,Madison,Madison Bumgarner,Bumgarner,20,1,9000,ARI@TEX,ARI,TEX,,,,,
47316-13627,P,Corey,Corey Kluber,Kluber,6,1,8900,ARI@TEX,TEX,ARI,IL,Shoulder,,,
47316-79224,P,Chris,Chris Paddack,Paddack,40,1,8900,SDP@SFG,SDP,SFG,,,,,
47316-52142,P,Eduardo,Eduardo Rodriguez,Rodriguez,34.38235294,34,8800,NYM@BOS,BOS,NYM,IL,Illness,,,
47316-68561,P,Luke,Luke Weaver,Weaver,10,1,8800,ARI@TEX,ARI,TEX,,,,,
47316-63136,P,Matthew,Matthew Boyd,Boyd,9,1,8800,KAN@DET,DET,KAN,,,,,
47316-80582,P,Brandon,Brandon Woodruff,Woodruff,24,1,8700,MIL@PIT,MIL,PIT,,,,,
47316-79073,P,Mike,Mike Soroka,Soroka,31,1,8600,ATL@TAM,ATL,TAM,,,,,
47316-5369,P,Jon,Jon Lester,Lester,24,1,8600,CHC@CIN,CHC,CIN,,,,,
47316-12481,P,Mike,Mike Minor,Minor,30,1,8400,ARI@TEX,TEX,ARI,,,,,
47316-53029,P,Robbie,Robbie Ray,Ray,23,1,8400,ARI@TEX,ARI,TEX,,,,,
47316-11354,P,Lance,Lance Lynn,Lynn,55,1,8300,ARI@TEX,TEX,ARI,,,,,
47316-85251,P,Zac,Zac Gallen,Gallen,27,1,8300,ARI@TEX,ARI,TEX,,,,,
47316-73880,P,German,German Marquez,Marquez,32,1,8200,COL@OAK,COL,OAK,,,,,
47316-12936,P,Kyle,Kyle Gibson,Gibson,24,34,8200,ARI@TEX,TEX,ARI,,,,Yes,
47316-6149,P,Jeff,Jeff Samardzija,Samardzija,27.15625,32,8100,SDP@SFG,SFG,SDP,,,,Yes,
47316-82636,P,Joey,Joey Lucchesi,Lucchesi,11,1,8100,SDP@SFG,SDP,SFG,,,,,
47316-80433,P,Dinelson,Dinelson Lamet,Lamet,42,1,8000,SDP@SFG,SDP,SFG,,,,,
47316-52159,P,Lance,Lance McCullers Jr.,McCullers Jr.,40,1,8000,LOS@HOU,HOU,LOS,,,,,
47316-38272,P,Mike,Mike Foltynewicz,Foltynewicz,1,1,8000,ATL@TAM,ATL,TAM,,,,,
47316-5790,P,Homer,Homer Bailey,Bailey,26.38709677,31,8000,STL@MIN,MIN,STL,,,,Yes,
47316-17116,P,Jake,Jake Odorizzi,Odorizzi,31.7,30,7900,STL@MIN,MIN,STL,IL,Back,,,
47316-52165,P,Sean,Sean Manaea,Manaea,11,1,7800,COL@OAK,OAK,COL,,,,,
47316-101881,P,Merrill,Merrill Kelly,Kelly,27.875,32,7800,ARI@TEX,ARI,TEX,,,,Yes,
47316-39041,P,Marcus,Marcus Stroman,Stroman,30.125,32,7700,NYM@BOS,NYM,BOS,IL,Calf,,,
47316-53398,P,Kyle,Kyle Hendricks,Hendricks,64,1,7700,CHC@CIN,CHC,CIN,,,,,
47316-82582,P,Griffin,Griffin Canning,Canning,26,1,7700,SEA@LAA,LAA,SEA,,,,,
47316-5431,P,Adam,Adam Wainwright,Wainwright,40,1,7700,STL@MIN,STL,MIN,,,,,
47316-79198,P,Justus,Justus Sheffield,Sheffield,19.625,8,7700,SEA@LAA,SEA,LAA,,,,Yes,
47316-5525,P,Cole,Cole Hamels,Hamels,28.2962963,27,7700,ATL@TAM,ATL,TAM,IL,Triceps,,,
47316-79254,P,Dakota,Dakota Hudson,Hudson,13,1,7700,STL@MIN,STL,MIN,,,,,
47316-63781,P,Frankie,Frankie Montas,Montas,24,1,7600,COL@OAK,OAK,COL,,,,,
47316-52155,P,Jon,Jon Gray,Gray,20,1,7600,COL@OAK,COL,OAK,,,,,
47316-52166,P,Julio,Julio Urias,Urias,21,1,7600,LOS@HOU,LOS,HOU,,,,,
47316-82535,P,Kyle,Kyle Wright,Wright,8.571428571,7,7500,ATL@TAM,ATL,TAM,,,,Yes,
47316-21099,P,Jose,Jose Quintana,Quintana,26.125,32,7500,CHC@CIN,CHC,CIN,IL,Thumb,,,
47316-17121,P,Miles,Miles Mikolas,Mikolas,26.59375,32,7500,STL@MIN,STL,MIN,,,,,
47316-52185,P,Max,Max Fried,Fried,24,1,7500,ATL@TAM,ATL,TAM,,,,,
47316-12918,P,Julio,Julio Teheran,Teheran,25.94285714,35,7400,SEA@LAA,LAA,SEA,IL,Not injury related,,,
47316-12921,P,Chris,Chris Archer,Archer,27.26086957,23,7400,MIL@PIT,PIT,MIL,IL,Shoulder,,,
47316-68452,P,Kenta,Kenta Maeda,Maeda,33,1,7400,STL@MIN,MIN,STL,,,,,
47316-82840,P,Yonny,Yonny Chirinos,Chirinos,25.57692308,26,7400,ATL@TAM,TAM,ATL,,,,Yes,
47316-12864,P,Michael,Michael Pineda,Pineda,30.03846154,26,7300,STL@MIN,MIN,STL,NA,Suspension,,,
47316-52174,P,Steven,Steven Matz,Matz,40,1,7300,NYM@BOS,NYM,BOS,,,,,
47316-79109,P,Tyler,Tyler Mahle,Mahle,22.22222222,27,7200,CHC@CIN,CIN,CHC,,,,Yes,
47316-5983,P,Rich,Rich Hill,Hill,30.15384615,13,7200,STL@MIN,MIN,STL,,,,,
47316-13019,P,Garrett,Garrett Richards,Richards,33,1,7100,SDP@SFG,SDP,SFG,,,,,
47316-39686,P,Carlos,Carlos Martinez,Martinez,5.770833333,48,7100,STL@MIN,STL,MIN,,,,Yes,
47316-13233,P,Nathan,Nathan Eovaldi,Eovaldi,37,1,7100,NYM@BOS,BOS,NYM,,,,,
47316-13444,P,Mike,Mike Fiers,Fiers,0,1,7100,COL@OAK,OAK,COL,,,,,
47316-16957,P,Dylan,Dylan Bundy,Bundy,48,1,7000,SEA@LAA,LAA,SEA,,,,,
47316-79280,P,Jesus,Jesus Luzardo,Luzardo,15,1,7000,COL@OAK,OAK,COL,,,,,
47316-85599,P,Framber,Framber Valdez,Valdez,12.07692308,26,7000,LOS@HOU,HOU,LOS,,,,Yes,
47316-53067,P,Chris,Chris Bassitt,Bassitt,27,1,7000,COL@OAK,OAK,COL,,,,,
47316-12929,P,Jordan,Jordan Lyles,Lyles,27.78571429,28,6900,ARI@TEX,TEX,ARI,,,,,
47316-68518,P,Spencer,Spencer Turnbull,Turnbull,36,1,6900,KAN@DET,DET,KAN,,,,,
47316-5416,P,Brett,Brett Anderson,Anderson,23.09677419,31,6900,MIL@PIT,MIL,PIT,IL,Finger,,,
47316-5659,P,Rick,Rick Porcello,Porcello,-9,1,6900,NYM@BOS,NYM,BOS,,,,,
47316-12972,P,Wade,Wade Miley,Miley,-1,1,6800,CHC@CIN,CIN,CHC,,,,,
47316-68483,P,Trevor,Trevor Williams,Williams,11,1,6800,MIL@PIT,PIT,MIL,,,,,
47316-70634,P,Daniel,Daniel Mengden,Mengden,19.30769231,13,6800,COL@OAK,OAK,COL,,,,Yes,
47316-38028,P,Alex,Alex Wood,Wood,12,1,6800,LOS@HOU,LOS,HOU,,,,,
47316-79226,P,Eric,Eric Lauer,Lauer,26,1,6800,MIL@PIT,MIL,PIT,,,,,
47316-6234,P,Jordan,Jordan Zimmermann,Zimmermann,15.2173913,23,6700,KAN@DET,DET,KAN,IL,Forearm,,,
47316-53607,P,Anthony,Anthony DeSclafani,DeSclafani,28.48387097,31,6700,CHC@CIN,CIN,CHC,IL,Shoulder,,,
47316-52167,P,Andrew,Andrew Heaney,Heaney,29,1,6700,SEA@LAA,LAA,SEA,,,,,
47316-13268,P,Danny,Danny Duffy,Duffy,13,1,6700,KAN@DET,KAN,DET,,,,,
47316-11328,P,Martin,Martin Perez,Perez,9,1,6700,NYM@BOS,BOS,NYM,,,,,
47316-85531,P,Josh,Josh James,James,15,1,6700,LOS@HOU,HOU,LOS,,,,,
47316-68520,P,Michael,Michael Fulmer,Fulmer,2,1,6600,KAN@DET,DET,KAN,,,,,
47316-79147,P,Jakob,Jakob Junis,Junis,26.25806452,31,6600,KAN@DET,KAN,DET,IL,Not injury related,,,
47316-5498,P,Johnny,Johnny Cueto,Cueto,18,1,6600,SDP@SFG,SFG,SDP,,,,,
47316-38311,P,Ross,Ross Stripling,Stripling,49,1,6600,LOS@HOU,LOS,HOU,,,,,
47316-12175,P,Ivan,Ivan Nova,Nova,12,1,6600,KAN@DET,DET,KAN,,,,,
47316-72265,P,Matt,Matt Strahm,Strahm,4,1,6500,SDP@SFG,SDP,SFG,,,,,
47316-68485,P,Ryan,Ryan Yarbrough,Yarbrough,19,1,6500,ATL@TAM,TAM,ATL,,,,,
47316-68517,P,Antonio,Antonio Senzatela,Senzatela,17,25,6500,COL@OAK,COL,OAK,,,,Yes,
47316-68523,P,Joe,Joe Musgrove,Musgrove,29,1,6500,MIL@PIT,PIT,MIL,,,,,
47316-37999,P,Michael,Michael Wacha,Wacha,30,1,6500,NYM@BOS,NYM,BOS,,,,,
47316-79217,P,Mitch,Mitch Keller,Keller,24,1,6500,MIL@PIT,PIT,MIL,,,,,
47316-110822,P,Jose,Jose Urquidy,Urquidy,23.66666667,9,6400,LOS@HOU,HOU,LOS,IL,Undisclosed,,,
47316-13438,P,Drew,Drew Pomeranz,Pomeranz,7.5,2,6400,SDP@SFG,SDP,SFG,,,,,
47316-79072,P,Brad,Brad Keller,Keller,26.03571429,28,6400,KAN@DET,KAN,DET,IL,Not injury related,,,
47316-5764,P,Derek,Derek Holland,Holland,6.490566038,53,6400,MIL@PIT,PIT,MIL,,,,Yes,
47316-54130,P,Ryan,Ryan Weber,Weber,-7,1,6300,NYM@BOS,BOS,NYM,,,,,
47316-70561,P,Alec,Alec Mills,Mills,23.44444444,9,6300,CHC@CIN,CHC,CIN,,,,Yes,
47316-60632,P,Kyle,Kyle Freeland,Freeland,37,1,6300,COL@OAK,COL,OAK,,,,,
47316-11321,P,Mike,Mike Montgomery,Montgomery,0,1,6200,KAN@DET,KAN,DET,,,,,
47316-38000,P,Kevin,Kevin Gausman,Gausman,12,1,6200,SDP@SFG,SFG,SDP,,,,,
47316-21919,P,Matt,Matt Andriese,Andriese,32,1,6200,SEA@LAA,LAA,SEA,,,,,
47316-5661,P,Felix,Felix Hernandez,Hernandez,16.73333333,15,6200,ATL@TAM,ATL,TAM,DTD,Opt out,,,
47316-104672,P,Devin,Devin Smeltzer,Smeltzer,6,1,6100,STL@MIN,MIN,STL,,,,,
47316-57717,P,Buck,Buck Farmer,Farmer,7.5,2,6100,KAN@DET,DET,KAN,,,,,
47316-79209,P,A.J.,A.J. Puk,Puk,7.3,10,6100,COL@OAK,OAK,COL,IL,Shoulder,,,
47316-13727,P,Josh,Josh Lindblom,Lindblom,0,0,6100,MIL@PIT,MIL,PIT,,,,Yes,
47316-79882,P,Austin,Austin Pruitt,Pruitt,14.78571429,14,6000,LOS@HOU,HOU,LOS,IL,Elbow,,,
47316-39127,P,Jerad,Jerad Eickhoff,Eickhoff,20.58333333,12,6000,SDP@SFG,SDP,SFG,,,,,
47316-66765,P,Jorge,Jorge Lopez,Lopez,-4,1,6000,KAN@DET,KAN,DET,,,,,
47316-66766,P,Adrian,Adrian Houser,Houser,24,1,6000,MIL@PIT,MIL,PIT,,,,,
47316-102001,P,Yusei,Yusei Kikuchi,Kikuchi,8,1,6000,SEA@LAA,SEA,LAA,,,,,
47316-79903,P,Glenn,Glenn Sparkman,Sparkman,6,2,5900,KAN@DET,KAN,DET,,,,,
47316-97021,P,Matt,Matt Hall,Hall,5.6875,16,5900,NYM@BOS,BOS,NYM,,,,Yes,
47316-68505,P,Carson,Carson Fulmer,Fulmer,6,1,5900,KAN@DET,DET,KAN,,,,,
47316-68551,P,Tyler,Tyler Beede,Beede,21.84,25,5900,SDP@SFG,SFG,SDP,IL,Elbow,,,
47316-52190,P,Marco,Marco Gonzales,Gonzales,10,1,5900,SEA@LAA,SEA,LAA,,,,,
47316-83190,P,Freddy,Freddy Peralta,Peralta,6,1,5900,MIL@PIT,MIL,PIT,,,,,
47316-79228,P,Cal,Cal Quantrill,Quantrill,13,1,5900,SDP@SFG,SDP,SFG,,,,,
47316-101839,P,Logan,Logan Webb,Webb,15,1,5900,SDP@SFG,SFG,SDP,,,,,
47316-71188,P,Steven,Steven Brault,Brault,9,1,5900,MIL@PIT,PIT,MIL,,,,,
47316-65988,P,Zach,Zach Davies,Davies,19.65714286,35,5800,SDP@SFG,SDP,SFG,,,,Yes,
47316-84476,P,Daniel,Daniel Ponce de Leon,Ponce de Leon,1,1,5800,STL@MIN,STL,MIN,,,,,
47316-82538,P,Darwinzon,Darwinzon Hernandez,Hernandez,7.482758621,29,5800,NYM@BOS,BOS,NYM,IL,Not injury related,,,
47316-17087,P,Drew,Drew Smyly,Smyly,11,2,5800,SDP@SFG,SFG,SDP,,,,,
47316-15234,P,Brad,Brad Peacock,Peacock,21.86956522,23,5800,LOS@HOU,HOU,LOS,IL,Shoulder,,,
47316-52195,P,Daniel,Daniel Norris,Norris,18.96969697,33,5800,KAN@DET,DET,KAN,IL,Not injury related,,,
47316-82935,P,Trevor,Trevor Richards,Richards,3,1,5800,ATL@TAM,TAM,ATL,,,,,
47316-83148,P,Dario,Dario Agrazal,Agrazal,17.8,15,5800,KAN@DET,DET,KAN,IL,Forearm,,,
47316-60637,P,Sean,Sean Newcomb,Newcomb,10,1,5800,ATL@TAM,ATL,TAM,,,,,
47316-60656,P,Jeff,Jeff Hoffman,Hoffman,15.16666667,18,5800,COL@OAK,COL,OAK,,,,,
47316-53043,P,Jesse,Jesse Hahn,Hahn,2.333333333,6,5800,KAN@DET,KAN,DET,NA,Personal,,,
47316-63827,P,Zack,Zack Godley,Godley,33,1,5700,NYM@BOS,BOS,NYM,,,,,
47316-12934,P,Tyler,Tyler Chatwood,Chatwood,49,1,5700,CHC@CIN,CHC,CIN,,,,,
47316-82604,P,Corbin,Corbin Burnes,Burnes,25,1,5700,MIL@PIT,MIL,PIT,,,,,
47316-58434,P,Kendall,Kendall Graveman,Graveman,15,1,5700,SEA@LAA,SEA,LAA,,,,,
47316-79067,P,Alex,Alex Young,Young,12,1,5700,ARI@TEX,ARI,TEX,,,,,
47316-79076,P,Kolby,Kolby Allard,Allard,21.33333333,9,5700,ARI@TEX,TEX,ARI,,,,,
47316-79123,P,Tyler,Tyler Alexander,Alexander,5,1,5700,KAN@DET,DET,KAN,,,,,
47316-38164,P,Jimmy,Jimmy Nelson,Nelson,9.3,10,5700,LOS@HOU,LOS,HOU,IL,Back,,,
47316-118411,P,Kwang Hyun,Kwang Hyun Kim,Kim,0,1,5700,STL@MIN,STL,MIN,,,,,
47316-114708,P,Randy,Randy Dobnak,Dobnak,18,1,5600,STL@MIN,MIN,STL,,,,,
47316-102498,P,Patrick,Patrick Sandoval,Sandoval,17.8,10,5600,SEA@LAA,LAA,SEA,,,,Yes,
47316-53599,P,Chi Chi,Chi Chi Gonzalez,Gonzalez,17.42857143,14,5600,COL@OAK,COL,OAK,,,,,
47316-21097,P,Taijuan,Taijuan Walker,Walker,-2,1,5600,SEA@LAA,SEA,LAA,,,,,
47316-103218,P,Nick,Nick Margevicius,Margevicius,3,1,5600,SEA@LAA,SEA,LAA,,,,,
47316-82775,P,Nestor,Nestor Cortes,Cortes,4,1,5600,SEA@LAA,SEA,LAA,,,,,
47316-52141,P,Lucas,Lucas Sims,Sims,7.5,2,5600,CHC@CIN,CIN,CHC,,,,,
47316-83098,P,Austin,Austin Gomber,Gomber,5,1,5600,STL@MIN,STL,MIN,,,,,
47316-83165,P,Lewis,Lewis Thorpe,Thorpe,8,1,5600,STL@MIN,MIN,STL,DTD,Leg,,,
47316-79071,P,Taylor,Taylor Clarke,Clarke,20,1,5600,ARI@TEX,ARI,TEX,,,,,
47316-79117,P,Peter,Peter Lambert,Lambert,11.5,22,5600,COL@OAK,COL,OAK,IL,Elbow,,,
47316-79185,P,Justin,Justin Dunn,Dunn,7.25,4,5600,SEA@LAA,SEA,LAA,,,,,
47316-38246,P,Tyler,Tyler Anderson,Anderson,-1,1,5600,SDP@SFG,SFG,SDP,,,,,
47316-73301,P,Brent,Brent Suter,Suter,17,1,5600,MIL@PIT,MIL,PIT,,,,,
47316-118391,P,Brandon,Brandon Bailey,Bailey,3,1,5600,LOS@HOU,HOU,LOS,,,,,
47316-73363,P,Felix,Felix Pena,Pena,19,1,5600,SEA@LAA,LAA,SEA,,,,,
47316-102334,P,Corbin,Corbin Martin,Martin,17,5,5600,ARI@TEX,ARI,TEX,IL,Elbow,,,
47316-79873,P,Dylan,Dylan Covey,Covey,6,1,5500,NYM@BOS,BOS,NYM,,,,,
47316-81922,P,Jacob,Jacob Rhame,Rhame,5,5,5500,SEA@LAA,LAA,SEA,DTD,Undisclosed,,,
47316-81925,P,Richard,Richard Rodriguez,Rodriguez,3,2,5500,MIL@PIT,PIT,MIL,,,,,
47316-135191,P,Josh,Josh Fleming,Fleming,0,0,5500,ATL@TAM,TAM,ATL,,,,,
47316-135192,P,Ryan,Ryan Thompson,Thompson,6,1,5500,ATL@TAM,TAM,ATL,,,,,
47316-135198,P,Daniel,Daniel Tillo,Tillo,0,0,5500,KAN@DET,KAN,DET,,,,,
47316-135196,P,Tyler,Tyler Zuber,Zuber,6,1,5500,KAN@DET,KAN,DET,,,,,
47316-135205,P,Shao-Ching,Shao-Ching Chiang,Chiang,0,0,5500,KAN@DET,DET,KAN,,,,,
47316-135211,P,Jojanse,Jojanse Torres,Torres,0,0,5500,LOS@HOU,HOU,LOS,,,,,
47316-135208,P,Shawn,Shawn Dubin,Dubin,0,0,5500,LOS@HOU,HOU,LOS,IL,Undisclosed,,,
47316-135209,P,Andre,Andre Scrubb,Scrubb,0,0,5500,LOS@HOU,HOU,LOS,,,,,
47316-135214,P,Ralph,Ralph Garza Jr.,Garza Jr.,0,0,5500,LOS@HOU,HOU,LOS,,,,,
47316-110636,P,Cy,Cy Sneed,Sneed,7.5,2,5500,LOS@HOU,HOU,LOS,,,,,
47316-135212,P,Luis,Luis Garcia,Garcia,0,0,5500,LOS@HOU,HOU,LOS,,,,,
47316-135219,P,Brett,Brett Conine,Conine,0,0,5500,LOS@HOU,HOU,LOS,,,,,
47316-38966,P,Mike,Mike Morin,Morin,3.038461538,52,5500,MIL@PIT,MIL,PIT,,,,,
47316-79927,P,Stefan,Stefan Crichton,Crichton,7,2,5500,ARI@TEX,ARI,TEX,,,,,
47316-135226,P,Wes,Wes Benjamin,Benjamin,0,0,5500,ARI@TEX,TEX,ARI,,,,,
47316-6206,P,Edinson,Edinson Volquez,Volquez,3,1,5500,ARI@TEX,TEX,ARI,,,,,
47316-71742,P,Grant,Grant Dayton,Dayton,8,2,5500,ATL@TAM,ATL,TAM,,,,,
47316-135229,P,Reid,Reid Detmers,Detmers,0,0,5500,SEA@LAA,LAA,SEA,,,,,
47316-135234,P,Aaron,Aaron Shortridge,Shortridge,0,0,5500,MIL@PIT,PIT,MIL,,,,,
47316-135238,P,Braeden,Braeden Ogle,Ogle,0,0,5500,MIL@PIT,PIT,MIL,,,,,
47316-38981,P,Brandon,Brandon Workman,Workman,7.424657534,73,5500,NYM@BOS,BOS,NYM,,,,,
47316-38982,P,Noe,Noe Ramirez,Ramirez,1,2,5500,SEA@LAA,LAA,SEA,,,,,
47316-135236,P,Max,Max Kranick,Kranick,0,0,5500,MIL@PIT,PIT,MIL,,,,,
47316-102470,P,Rico,Rico Garcia,Garcia,3,3,5500,SDP@SFG,SFG,SDP,,,,,
47316-135237,P,Nick,Nick Mears,Mears,0,0,5500,MIL@PIT,PIT,MIL,,,,,
47316-102481,P,Bryan,Bryan Garcia,Garcia,1,1,5500,KAN@DET,DET,KAN,,,,,
47316-102484,P,Brandon,Brandon Bielak,Bielak,25,1,5500,LOS@HOU,HOU,LOS,,,,,
47316-79959,P,Dovydas,Dovydas Neverauskas,Neverauskas,15,1,5500,MIL@PIT,PIT,MIL,,,,,
47316-39003,P,Jairo,Jairo Diaz,Diaz,6,2,5500,COL@OAK,COL,OAK,,,,,
47316-135262,P,Anthony,Anthony Misiewicz,Misiewicz,4.5,2,5500,SEA@LAA,SEA,LAA,,,,,
47316-135266,P,Ljay,Ljay Newsome,Newsome,0,0,5500,SEA@LAA,SEA,LAA,,,,,
47316-135264,P,Aaron,Aaron Fletcher,Fletcher,0,0,5500,SEA@LAA,SEA,LAA,,,,,
47316-135270,P,Sam,Sam Delaplane,Delaplane,0,0,5500,SEA@LAA,SEA,LAA,,,,,
47316-73828,P,Dan,Dan Altavilla,Altavilla,9,1,5500,SEA@LAA,SEA,LAA,,,,,
47316-116839,P,David,David Bednar,Bednar,3.923076923,13,5500,SDP@SFG,SDP,SFG,,,,,
47316-135268,P,Emerson,Emerson Hancock,Hancock,0,0,5500,SEA@LAA,SEA,LAA,,,,,
47316-135275,P,Marshall,Marshall Kasowski,Kasowski,0,0,5500,LOS@HOU,LOS,HOU,,,,,
47316-135273,P,Andre,Andre Jackson,Jackson,0,0,5500,LOS@HOU,LOS,HOU,,,,,
47316-135278,P,Kevin,Kevin Smith,Smith,0,0,5500,NYM@BOS,NYM,BOS,,,,,
47316-73838,P,Yohander,Yohander Mendez,Mendez,11.66666667,3,5500,ARI@TEX,TEX,ARI,,,,,
47316-116846,P,Ronald,Ronald Bolanos,Bolanos,9,1,5500,KAN@DET,KAN,DET,,,,,
47316-6257,P,Pedro,Pedro Strop,Strop,9,1,5500,CHC@CIN,CIN,CHC,,,,,
47316-82039,P,Aaron,Aaron Wilkerson,Wilkerson,5.25,8,5500,MIL@PIT,MIL,PIT,,,,,
47316-135285,P,Alexander,Alexander Guillen,Guillen,0,0,5500,COL@OAK,COL,OAK,,,,,
47316-135289,P,Kodi,Kodi Whitley,Whitley,6,1,5500,STL@MIN,STL,MIN,,,,,
47316-116868,P,Gabe,Gabe Speier,Speier,2.5,2,5500,KAN@DET,KAN,DET,,,,,
47316-135303,P,Jordan,Jordan Weems,Weems,0,0,5500,COL@OAK,OAK,COL,,,,,
47316-135306,P,Cole,Cole Wilcox,Wilcox,0,0,5500,SDP@SFG,SDP,SFG,,,,,
47316-73867,P,Ray,Ray Black,Black,4.411764706,17,5500,MIL@PIT,MIL,PIT,IL,Shoulder,,,
47316-114827,P,John,John Schreiber,Schreiber,6,1,5500,KAN@DET,DET,KAN,,,,,
47316-73866,P,Wandy,Wandy Peralta,Peralta,9.5,2,5500,SDP@SFG,SFG,SDP,,,,,
47316-135309,P,Tyler,Tyler Cyr,Cyr,0,0,5500,SDP@SFG,SFG,SDP,,,,,
47316-6290,P,Wade,Wade Davis,Davis,3,2,5500,COL@OAK,COL,OAK,,,,,
47316-73877,P,Kevin,Kevin McCarthy,McCarthy,3,2,5500,KAN@DET,KAN,DET,,,,,
47316-102549,P,Andres,Andres Munoz,Munoz,6.136363636,22,5500,SDP@SFG,SDP,SFG,IL,Elbow,,,
47316-73882,P,Joely,Joely Rodriguez,Rodriguez,0,0,5500,ARI@TEX,TEX,ARI,IL,Lat,,,
47316-80033,P,Emilio,Emilio Pagan,Pagan,-1.5,2,5500,SDP@SFG,SDP,SFG,,,,,
47316-80035,P,Bobby,Bobby Wahl,Wahl,2,2,5500,MIL@PIT,MIL,PIT,,,,,
47316-80034,P,Jose,Jose Alvarado,Alvarado,8,3,5500,ATL@TAM,TAM,ATL,,,,,
47316-12452,P,Kenley,Kenley Jansen,Jansen,6,1,5500,LOS@HOU,LOS,HOU,,,,,
47316-12455,P,Josh,Josh Tomlin,Tomlin,9,1,5500,ATL@TAM,ATL,TAM,,,,,
47316-39081,P,Chasen,Chasen Shreve,Shreve,3,1,5500,NYM@BOS,NYM,BOS,,,,,
47316-102568,P,Colin,Colin Poche,Poche,6.274509804,51,5500,ATL@TAM,TAM,ATL,IL,Elbow,,,
47316-135339,P,Clayton,Clayton Beeter,Beeter,0,0,5500,LOS@HOU,LOS,HOU,,,,,
47316-12463,P,Greg,Greg Holland,Holland,7.5,2,5500,KAN@DET,KAN,DET,,,,,
47316-39101,P,Nick,Nick Goody,Goody,2,2,5500,ARI@TEX,TEX,ARI,,,,,
47316-135359,P,Caleb,Caleb Baragar,Baragar,15,1,5500,SDP@SFG,SFG,SDP,,,,,
47316-102590,P,Joey,Joey Gerber,Gerber,0,0,5500,SEA@LAA,SEA,LAA,,,,,
47316-135362,P,Roel,Roel Ramirez,Ramirez,0,0,5500,STL@MIN,STL,MIN,,,,,
47316-71875,P,Mike,Mike Mayers,Mayers,3,1,5500,SEA@LAA,LAA,SEA,,,,,
47316-135360,P,Sam,Sam Wolff,Wolff,0,0,5500,SDP@SFG,SFG,SDP,,,,,
47316-135361,P,Nabil,Nabil Crismatt,Crismatt,0,0,5500,STL@MIN,STL,MIN,,,,,
47316-135365,P,Angel,Angel Rondon,Rondon,0,0,5500,STL@MIN,STL,MIN,,,,,
47316-112841,P,Jose,Jose Rodriguez,Rodriguez,8.888888889,9,5500,SEA@LAA,LAA,SEA,,,,,
47316-12523,P,Jeremy,Jeremy Jeffress,Jeffress,4,2,5500,CHC@CIN,CHC,CIN,,,,,
47316-12594,P,Jake,Jake McGee,McGee,7.5,2,5500,LOS@HOU,LOS,HOU,,,,,
47316-135526,P,Adrian,Adrian De Horta,De Horta,0,0,5500,SEA@LAA,LAA,SEA,,,,,
47316-135525,P,Adam,Adam Seminaris,Seminaris,0,0,5500,SEA@LAA,LAA,SEA,,,,,
47316-135530,P,Brett,Brett de Geus,de Geus,0,0,5500,LOS@HOU,LOS,HOU,,,,,
47316-135528,P,Clayton,Clayton Andrews,Andrews,0,0,5500,MIL@PIT,MIL,PIT,,,,,
47316-61858,P,Raisel,Raisel Iglesias,Iglesias,3,1,5500,CHC@CIN,CIN,CHC,,,,,
47316-57770,P,Alex,Alex Claudio,Claudio,3.5,2,5500,MIL@PIT,MIL,PIT,,,,,
47316-65968,P,Silvino,Silvino Bracho,Bracho,0,0,5500,ARI@TEX,ARI,TEX,IL,Elbow,,,
47316-80313,P,Keynan,Keynan Middleton,Middleton,1,1,5500,SEA@LAA,LAA,SEA,,,,,
47316-80345,P,Reyes,Reyes Moronta,Moronta,6.142857143,56,5500,SDP@SFG,SFG,SDP,IL,Shoulder,,,
47316-80346,P,Giovanny,Giovanny Gallegos,Gallegos,7,66,5500,STL@MIN,STL,MIN,IL,Not injury related,,,
47316-135647,P,Ryan,Ryan Pepiot,Pepiot,0,0,5500,LOS@HOU,LOS,HOU,,,,,
47316-135650,P,Landon,Landon Knack,Knack,0,0,5500,LOS@HOU,LOS,HOU,,,,,
47316-135648,P,Bobby,Bobby Miller,Miller,0,0,5500,LOS@HOU,LOS,HOU,,,,,
47316-84452,P,Caleb,Caleb Ferguson,Ferguson,2,1,5500,LOS@HOU,LOS,HOU,,,,,
47316-82430,P,Yoshihisa,Yoshihisa Hirano,Hirano,4.64516129,62,5500,SEA@LAA,SEA,LAA,IL,Illness,,,
47316-119301,P,Brennan,Brennan Malone,Malone,0,0,5500,MIL@PIT,PIT,MIL,,,,,
47316-53767,P,Dan,Dan Winkler,Winkler,1,1,5500,CHC@CIN,CHC,CIN,,,,,
47316-53801,P,James,James Pazos,Pazos,4.583333333,12,5500,COL@OAK,COL,OAK,,,,,
47316-119339,P,Tyler,Tyler Ivey,Ivey,0,0,5500,LOS@HOU,HOU,LOS,,,,,
47316-64044,P,Tyler,Tyler Duffey,Duffey,9,1,5500,STL@MIN,MIN,STL,,,,,
47316-119340,P,Tarik,Tarik Skubal,Skubal,0,0,5500,KAN@DET,DET,KAN,,,,,
47316-23086,P,Justin,Justin Grimm,Grimm,-3,1,5500,MIL@PIT,MIL,PIT,,,,,
47316-12848,P,Hector,Hector Rondon,Rondon,-2,1,5500,ARI@TEX,ARI,TEX,,,,,
47316-16961,P,Jameson,Jameson Taillon,Taillon,25,7,5500,MIL@PIT,PIT,MIL,IL,Elbow,,,
47316-119373,P,Tony,Tony Dibrell,Dibrell,0,0,5500,NYM@BOS,NYM,BOS,,,,,
47316-80460,P,John,John Brebbia,Brebbia,6.212121212,66,5500,STL@MIN,STL,MIN,IL,Elbow,,,
47316-119375,P,Dedniel,Dedniel Nunez,Nunez,0,0,5500,NYM@BOS,NYM,BOS,,,,,
47316-16982,P,Ryan,Ryan Tepera,Tepera,9,1,5500,CHC@CIN,CHC,CIN,,,,,
47316-119388,P,Junior,Junior Santos,Santos,0,0,5500,NYM@BOS,NYM,BOS,,,,,
47316-80478,P,Reymin,Reymin Guduan,Guduan,2.714285714,7,5500,LOS@HOU,LOS,HOU,,,,,
47316-119392,P,Josh,Josh Wolf,Wolf,0,0,5500,NYM@BOS,NYM,BOS,,,,,
47316-80482,P,Randy,Randy Rosario,Rosario,3.842105263,19,5500,KAN@DET,KAN,DET,IL,Arm,,,
47316-21096,P,Erasmo,Erasmo Ramirez,Ramirez,0,1,5500,NYM@BOS,NYM,BOS,,,,,
47316-82539,P,Jalen,Jalen Beeks,Beeks,21,2,5500,ATL@TAM,TAM,ATL,,,,,
47316-119406,P,Cody,Cody Bolton,Bolton,0,0,5500,MIL@PIT,PIT,MIL,,,,,
47316-119411,P,Joey,Joey Cantillo,Cantillo,0,0,5500,SDP@SFG,SDP,SFG,,,,,
47316-119413,P,Isaiah,Isaiah Campbell,Campbell,0,0,5500,SEA@LAA,SEA,LAA,,,,,
47316-135798,P,Garrett,Garrett Stallings,Stallings,0,0,5500,SEA@LAA,LAA,SEA,,,,,
47316-113268,P,Zac,Zac Grotz,Grotz,-1.5,2,5500,SEA@LAA,SEA,LAA,,,,,
47316-119415,P,Juan,Juan Then,Then,0,0,5500,SEA@LAA,SEA,LAA,,,,,
47316-119414,P,George,George Kirby,Kirby,0,0,5500,SEA@LAA,SEA,LAA,,,,,
47316-119417,P,Brayan,Brayan Perez,Perez,0,0,5500,SEA@LAA,SEA,LAA,,,,,
47316-17017,P,Sean,Sean Gilmartin,Gilmartin,-5,1,5500,ATL@TAM,TAM,ATL,,,,,
47316-119416,P,Brandon,Brandon Williamson,Williamson,0,0,5500,SEA@LAA,SEA,LAA,,,,,
47316-135800,P,Matt,Matt Blackham,Blackham,0,0,5500,NYM@BOS,NYM,BOS,,,,,
47316-70271,P,Carlos,Carlos Estevez,Estevez,5,2,5500,COL@OAK,COL,OAK,,,,,
47316-17026,P,Heath,Heath Hembree,Hembree,4,2,5500,NYM@BOS,BOS,NYM,,,,,
47316-119426,P,Johan,Johan Oviedo,Oviedo,0,0,5500,STL@MIN,STL,MIN,,,,,
47316-82564,P,Yency,Yency Almonte,Almonte,15,1,5500,COL@OAK,COL,OAK,,,,,
47316-119431,P,Seth,Seth Johnson,Johnson,0,0,5500,ATL@TAM,TAM,ATL,,,,,
47316-119433,P,JJ,JJ Goss,Goss,0,0,5500,ATL@TAM,TAM,ATL,,,,,
47316-119435,P,Riley,Riley O'Brien,O'Brien,0,0,5500,ATL@TAM,TAM,ATL,,,,,
47316-17037,P,Trevor,Trevor Rosenthal,Rosenthal,9,1,5500,KAN@DET,KAN,DET,,,,,
47316-82572,P,Gregory,Gregory Soto,Soto,11.5,2,5500,KAN@DET,DET,KAN,,,,,
47316-12943,P,Shelby,Shelby Miller,Miller,5.368421053,19,5500,MIL@PIT,MIL,PIT,,,,,
47316-82579,P,Rogelio,Rogelio Armenteros,Armenteros,18,5,5500,LOS@HOU,HOU,LOS,IL,Elbow,,,
47316-82587,P,Richard,Richard Lovelady,Lovelady,0,1,5500,KAN@DET,KAN,DET,,,,,
47316-109217,P,Phillip,Phillip Diehl,Diehl,2.8,10,5500,COL@OAK,COL,OAK,,,,,
47316-82592,P,Dennis,Dennis Santana,Santana,9,1,5500,LOS@HOU,LOS,HOU,,,,,
47316-82594,P,Dustin,Dustin May,May,22,1,5500,LOS@HOU,LOS,HOU,,,,,
47316-111268,P,Daniel,Daniel Camarena,Camarena,0,0,5500,SDP@SFG,SDP,SFG,,,,,
47316-17065,P,Blake,Blake Treinen,Treinen,6,1,5500,LOS@HOU,LOS,HOU,,,,,
47316-80567,P,Nik,Nik Turley,Turley,1.5,2,5500,MIL@PIT,PIT,MIL,,,,,
47316-80570,P,Jimmy,Jimmy Yacabonis,Yacabonis,4.655172414,29,5500,SDP@SFG,SDP,SFG,,,,,
47316-82618,P,David,David Peterson,Peterson,0,0,5500,NYM@BOS,NYM,BOS,,,,Yes,
47316-53953,P,Keone,Keone Kela,Kela,5.59375,32,5500,MIL@PIT,PIT,MIL,IL,Undisclosed,,,
47316-17094,P,Jake,Jake Diekman,Diekman,6.666666667,3,5500,COL@OAK,OAK,COL,,,,,
47316-82633,P,Michel,Michel Baez,Baez,6.208333333,24,5500,SDP@SFG,SDP,SFG,,,,,
47316-17100,P,Jeurys,Jeurys Familia,Familia,-0.5,2,5500,NYM@BOS,NYM,BOS,,,,,
47316-82639,P,Ryan,Ryan Helsley,Helsley,3,1,5500,STL@MIN,STL,MIN,,,,,
47316-82638,P,Jordan,Jordan Hicks,Hicks,5.551724138,29,5500,STL@MIN,STL,MIN,DTD,Opt out,,,
47316-13010,P,David,David Phelps,Phelps,12,2,5500,MIL@PIT,MIL,PIT,,,,,
47316-13011,P,Hector,Hector Noesi,Noesi,6.416666667,12,5500,MIL@PIT,PIT,MIL,DTD,Opt out,,,
47316-17109,P,Oliver,Oliver Drake,Drake,6,1,5500,ATL@TAM,TAM,ATL,,,,,
47316-17118,P,Robbie,Robbie Erlin,Erlin,1,1,5500,MIL@PIT,PIT,MIL,,,,,
47316-13025,P,Pedro,Pedro Baez,Baez,5,2,5500,LOS@HOU,LOS,HOU,,,,,
47316-62196,P,Roberto,Roberto Osuna,Osuna,6,2,5500,LOS@HOU,HOU,LOS,,,,,
47316-84727,P,Drew,Drew Smith,Smith,5,1,5500,NYM@BOS,NYM,BOS,,,,,
47316-13078,P,Brad,Brad Brach,Brach,4.644067797,59,5500,NYM@BOS,NYM,BOS,IL,Undisclosed,,,
47316-103223,P,David,David McKay,McKay,-5,1,5500,KAN@DET,DET,KAN,,,,,
47316-13118,P,Justin,Justin Wilson,Wilson,6.5,2,5500,NYM@BOS,NYM,BOS,,,,,
47316-82751,P,Joe,Joe Palumbo,Palumbo,9,1,5500,ARI@TEX,TEX,ARI,,,,,
47316-70482,P,J.B.,J.B. Wendelken,Wendelken,1,1,5500,COL@OAK,OAK,COL,,,,,
47316-68465,P,Yoan,Yoan Lopez,Lopez,6,1,5500,ARI@TEX,ARI,TEX,,,,,
47316-15225,P,Liam,Liam Hendriks,Hendriks,6.5,2,5500,COL@OAK,OAK,COL,,,,,
47316-68474,P,Josh,Josh Hader,Hader,6,1,5500,MIL@PIT,MIL,PIT,,,,,
47316-68476,P,Taylor,Taylor Rogers,Rogers,7.15,60,5500,STL@MIN,MIN,STL,,,,,
47316-13183,P,Dellin,Dellin Betances,Betances,5,1,5500,NYM@BOS,NYM,BOS,,,,,
47316-68484,P,Chad,Chad Kuhl,Kuhl,23,1,5500,MIL@PIT,PIT,MIL,,,,,
47316-13192,P,Tony,Tony Watson,Watson,2,1,5500,SDP@SFG,SFG,SDP,,,,,
47316-23437,P,Brooks,Brooks Raley,Raley,10.5,2,5500,CHC@CIN,CIN,CHC,,,,,
47316-68503,P,Ty,Ty Buttrey,Buttrey,-0.5,2,5500,SEA@LAA,LAA,SEA,,,,,
47316-68507,P,Duane,Duane Underwood Jr.,Underwood Jr.,1,2,5500,CHC@CIN,CHC,CIN,,,,,
47316-13213,P,Tim,Tim Collins,Collins,3.222222222,9,5500,COL@OAK,COL,OAK,DTD,Opt out,,,
47316-68510,P,Amir,Amir Garrett,Garrett,7,2,5500,CHC@CIN,CIN,CHC,,,,,
47316-80801,P,Hoby,Hoby Milner,Milner,-3,1,5500,SEA@LAA,LAA,SEA,,,,,
47316-39843,P,Burch,Burch Smith,Smith,12,2,5500,COL@OAK,OAK,COL,,,,,
47316-80804,P,Tyler,Tyler Webb,Webb,6,1,5500,STL@MIN,STL,MIN,,,,,
47316-52146,P,Carl,Carl Edwards Jr.,Edwards Jr.,4.5,2,5500,SEA@LAA,SEA,LAA,,,,,
47316-68530,P,Jarlin,Jarlin Garcia,Garcia,4.566037736,53,5500,SDP@SFG,SFG,SDP,IL,Undisclosed,,,
47316-70578,P,Cody,Cody Reed,Reed,12.33333333,3,5500,CHC@CIN,CIN,CHC,,,,,
47316-52148,P,Pierce,Pierce Johnson,Johnson,4,1,5500,SDP@SFG,SDP,SFG,,,,,
47316-52152,P,Robert,Robert Stephenson,Stephenson,-2,1,5500,CHC@CIN,CIN,CHC,,,,,
47316-68541,P,Taylor,Taylor Williams,Williams,7.5,2,5500,SEA@LAA,SEA,LAA,,,,,
47316-68542,P,Robert,Robert Gsellman,Gsellman,5.461538462,52,5500,NYM@BOS,NYM,BOS,IL,Triceps,,,
47316-68548,P,Edwin,Edwin Diaz,Diaz,7.5,2,5500,NYM@BOS,NYM,BOS,,,,,
47316-68552,P,Sam,Sam Coonrod,Coonrod,1,2,5500,SDP@SFG,SFG,SDP,,,,,
47316-5069,P,Craig,Craig Stammen,Stammen,5.5,2,5500,SDP@SFG,SDP,SFG,,,,,
47316-80849,P,Adam,Adam Kolarek,Kolarek,9.5,2,5500,LOS@HOU,LOS,HOU,,,,,
47316-5074,P,Tyler,Tyler Clippard,Clippard,6,1,5500,STL@MIN,MIN,STL,,,,,
47316-13271,P,Will,Will Smith,Smith,7.301587302,63,5500,ATL@TAM,ATL,TAM,IL,Illness,,,
47316-52184,P,Matt,Matt Wisler,Wisler,12.5,2,5500,STL@MIN,MIN,STL,,,,,
47316-80856,P,Luke,Luke Farrell,Farrell,4,1,5500,ARI@TEX,TEX,ARI,,,,,
47316-52191,P,Kyle,Kyle Crick,Crick,4.5,2,5500,MIL@PIT,PIT,MIL,,,,,
47316-52192,P,Luke,Luke Jackson,Jackson,12,1,5500,ATL@TAM,ATL,TAM,,,,,
47316-70624,P,Chris,Chris Stratton,Stratton,4,2,5500,MIL@PIT,PIT,MIL,,,,,
47316-70629,P,Jacob,Jacob Barnes,Barnes,9,1,5500,SEA@LAA,LAA,SEA,,,,,
47316-82922,P,Tyler,Tyler Kinley,Kinley,4.692307692,52,5500,COL@OAK,COL,OAK,,,,,
47316-82924,P,Tim,Tim Hill,Hill,5,2,5500,SDP@SFG,SDP,SFG,,,,,
47316-68591,P,Anderson,Anderson Espinoza,Espinoza,0,0,5500,SDP@SFG,SDP,SFG,IL,Elbow,,,
47316-68590,P,Javy,Javy Guerra,Guerra,4,2,5500,SDP@SFG,SDP,SFG,,,,,
47316-68592,P,Francis,Francis Martes,Martes,0,0,5500,LOS@HOU,HOU,LOS,NA,Suspension,,,
47316-5107,P,Sergio,Sergio Romo,Romo,4.676923077,65,5500,STL@MIN,MIN,STL,,,,,
47316-13312,P,Ryan,Ryan Brasier,Brasier,4.387096774,62,5500,NYM@BOS,BOS,NYM,,,,,
47316-82975,P,Yefry,Yefry Ramirez,Ramirez,7.230769231,13,5500,NYM@BOS,NYM,BOS,,,,,
47316-82976,P,Corey,Corey Oswalt,Oswalt,6,1,5500,NYM@BOS,NYM,BOS,,,,,
47316-82986,P,Colten,Colten Brewer,Brewer,10,1,5500,NYM@BOS,BOS,NYM,,,,,
47316-68654,P,John,John Gant,Gant,8,1,5500,STL@MIN,STL,MIN,,,,,
47316-68661,P,Joe,Joe Biagini,Biagini,2,1,5500,LOS@HOU,HOU,LOS,,,,,
47316-82997,P,Gerson,Gerson Bautista,Bautista,1.875,8,5500,SEA@LAA,SEA,LAA,IL,Elbow,,,
47316-82999,P,Scott,Scott Barlow,Barlow,10,2,5500,KAN@DET,KAN,DET,,,,,
47316-68662,P,Luis,Luis Perdomo,Perdomo,12,1,5500,SDP@SFG,SDP,SFG,,,,,
47316-82998,P,Lou,Lou Trivino,Trivino,6,1,5500,COL@OAK,OAK,COL,,,,,
47316-21565,P,Ryan,Ryan Buchter,Buchter,4,1,5500,SEA@LAA,LAA,SEA,,,,,
47316-11333,P,Craig,Craig Kimbrel,Kimbrel,-5,1,5500,CHC@CIN,CHC,CIN,,,,,
47316-13383,P,Neil,Neil Ramirez,Ramirez,4.636363636,22,5500,SEA@LAA,LAA,SEA,,,,,
47316-72809,P,Austin,Austin Brice,Brice,3,2,5500,NYM@BOS,BOS,NYM,,,,,
47316-5230,P,Joe,Joe Smith,Smith,4.714285714,28,5500,LOS@HOU,HOU,LOS,DTD,Personal,,,
47316-83054,P,Justin,Justin Anderson,Anderson,4.666666667,54,5500,SEA@LAA,LAA,SEA,IL,Elbow,,,
47316-38001,P,Matt,Matt Barnes,Barnes,6,1,5500,NYM@BOS,BOS,NYM,,,,,
47316-38002,P,Kyle,Kyle Zimmer,Zimmer,12,1,5500,KAN@DET,KAN,DET,,,,Yes,
47316-85107,P,James,James Norwood,Norwood,-2.5,2,5500,CHC@CIN,CHC,CIN,,,,,
47316-83072,P,Trevor,Trevor Oaks,Oaks,0,0,5500,SDP@SFG,SFG,SDP,,,,,
47316-54403,P,Trevor,Trevor Gott,Gott,3,2,5500,SDP@SFG,SFG,SDP,,,,,
47316-13458,P,Nate,Nate Jones,Jones,6,1,5500,CHC@CIN,CIN,CHC,,,,,
47316-38036,P,T.J.,T.J. McFarland,McFarland,2.666666667,3,5500,COL@OAK,OAK,COL,,,,,
47316-81044,P,Austin,Austin Adams,Adams,7.5,30,5500,SEA@LAA,SEA,LAA,IL,Knee,,,
47316-38041,P,Ryan,Ryan Pressly,Pressly,6.345454545,55,5500,LOS@HOU,HOU,LOS,DTD,Elbow,,,
47316-81052,P,Andrew,Andrew Kittredge,Kittredge,9,1,5500,ATL@TAM,TAM,ATL,,,,,
47316-38051,P,Felipe,Felipe Vazquez,Vazquez,7.982142857,56,5500,MIL@PIT,PIT,MIL,DTD,Personal,,,
47316-13479,P,Joe,Joe Kelly,Kelly,9,1,5500,LOS@HOU,LOS,HOU,,,,,
47316-21682,P,Aaron,Aaron Loup,Loup,6,1,5500,ATL@TAM,TAM,ATL,,,,,
47316-38067,P,Matt,Matt Magill,Magill,9,1,5500,SEA@LAA,SEA,LAA,,,,,
47316-13512,P,Rex,Rex Brothers,Brothers,9,1,5500,CHC@CIN,CHC,CIN,,,,,
47316-83145,P,Jose,Jose Castillo,Castillo,8,1,5500,SDP@SFG,SDP,SFG,IL,Lat,,,
47316-83147,P,Brad,Brad Wieck,Wieck,3,1,5500,CHC@CIN,CHC,CIN,IL,Hamstring,,,
47316-83146,P,Walker,Walker Lockett,Lockett,6.555555556,9,5500,NYM@BOS,NYM,BOS,IL,Back,,,
47316-60627,P,Touki,Touki Toussaint,Toussaint,8,1,5500,ATL@TAM,ATL,TAM,,,,,
47316-83154,P,Miguel,Miguel Del Pozo,Del Pozo,2,17,5500,MIL@PIT,PIT,MIL,,,,,
47316-83159,P,Diego,Diego Castillo,Castillo,15,1,5500,ATL@TAM,TAM,ATL,,,,,
47316-38106,P,Kirby,Kirby Yates,Yates,4,2,5500,SDP@SFG,SDP,SFG,,,,,
47316-83166,P,Zack,Zack Littell,Littell,-6,1,5500,STL@MIN,MIN,STL,,,,,
47316-60640,P,Nick,Nick Burdi,Burdi,12,1,5500,MIL@PIT,PIT,MIL,,,,,
47316-83169,P,Williams,Williams Jerez,Jerez,4.083333333,12,5500,MIL@PIT,PIT,MIL,,,,,
47316-83172,P,Jonathan,Jonathan Hernandez,Hernandez,6,2,5500,ARI@TEX,TEX,ARI,,,,,
47316-83175,P,Sandy,Sandy Baez,Baez,0,1,5500,KAN@DET,DET,KAN,,,,,
47316-136424,P,Jake,Jake Brentz,Brentz,0,0,5500,KAN@DET,KAN,DET,,,,,
47316-83181,P,Heath,Heath Fillmyer,Fillmyer,4.333333333,12,5500,KAN@DET,KAN,DET,,,,,
47316-70897,P,Edubray,Edubray Ramos,Ramos,2.85,20,5500,LOS@HOU,LOS,HOU,,,,,
47316-5362,P,Darren,Darren O'Day,O'Day,9,1,5500,ATL@TAM,ATL,TAM,,,,,
47316-5370,P,Daniel,Daniel Bard,Bard,13,1,5500,COL@OAK,COL,OAK,,,,,
47316-13564,P,Chaz,Chaz Roe,Roe,7,2,5500,ATL@TAM,TAM,ATL,,,,,
47316-38144,P,Shane,Shane Greene,Greene,3,1,5500,ATL@TAM,ATL,TAM,,,,,
47316-85255,P,Shaun,Shaun Anderson,Anderson,10.5,2,5500,SDP@SFG,SFG,SDP,,,,,
47316-85265,P,Taylor,Taylor Widener,Widener,8,1,5500,ARI@TEX,ARI,TEX,,,,,
47316-79124,P,Joe,Joe Jimenez,Jimenez,3,2,5500,KAN@DET,DET,KAN,,,,,
47316-79129,P,Kyle,Kyle Funkhouser,Funkhouser,-9,1,5500,KAN@DET,DET,KAN,,,,,
47316-79135,P,Beau,Beau Burrows,Burrows,-2,1,5500,KAN@DET,DET,KAN,,,,,
47316-85282,P,Brett,Brett Kennedy,Kennedy,0,0,5500,SDP@SFG,SDP,SFG,DTD,Lat,,,
47316-79142,P,Foster,Foster Griffin,Griffin,14,1,5500,KAN@DET,KAN,DET,DTD,Forearm,,,
47316-85286,P,Ian,Ian Gibaut,Gibaut,8,2,5500,ARI@TEX,TEX,ARI,,,,,
47316-85289,P,Nick,Nick Anderson,Anderson,10,1,5500,ATL@TAM,TAM,ATL,,,,,
47316-85288,P,Brusdar,Brusdar Graterol,Graterol,0.5,2,5500,LOS@HOU,LOS,HOU,,,,,
47316-38191,P,Hansel,Hansel Robles,Robles,5,2,5500,SEA@LAA,LAA,SEA,,,,,
47316-79150,P,Josh,Josh Staumont,Staumont,7.5,2,5500,KAN@DET,KAN,DET,,,,,
47316-38216,P,Jose,Jose Cisnero,Cisnero,7.5,2,5500,KAN@DET,DET,KAN,,,,,
47316-38228,P,Trevor,Trevor May,May,12,1,5500,STL@MIN,MIN,STL,,,,,
47316-21846,P,Chris,Chris Devenski,Devenski,4.5,2,5500,LOS@HOU,HOU,LOS,DTD,Arm,,,
47316-79191,P,Fernando,Fernando Romero,Romero,4.2,15,5500,STL@MIN,MIN,STL,DTD,Not injury related,,,
47316-79197,P,Chance,Chance Adams,Adams,6.076923077,13,5500,KAN@DET,KAN,DET,IL,Undisclosed,,,
47316-38240,P,Rafael,Rafael Montero,Montero,8.045454545,22,5500,ARI@TEX,TEX,ARI,IL,Elbow,,,
47316-118123,P,Blake,Blake Taylor,Taylor,6.5,2,5500,LOS@HOU,HOU,LOS,,,,,
47316-38251,P,Hunter,Hunter Strickland,Strickland,0.5,2,5500,NYM@BOS,NYM,BOS,,,,,
47316-62827,P,Michael,Michael Feliz,Feliz,-0.5,2,5500,MIL@PIT,PIT,MIL,,,,,
47316-79227,P,Adrian,Adrian Morejon,Morejon,4.8,5,5500,SDP@SFG,SDP,SFG,,,,,
47316-71034,P,Seth,Seth Lugo,Lugo,14,2,5500,NYM@BOS,NYM,BOS,,,,,
47316-79232,P,Clay,Clay Holmes,Holmes,7,1,5500,MIL@PIT,PIT,MIL,,,,,
47316-79239,P,Andrew,Andrew Suarez,Suarez,5.428571429,21,5500,SDP@SFG,SFG,SDP,,,,,
47316-38287,P,Josh,Josh Osich,Osich,4.5,2,5500,NYM@BOS,BOS,NYM,,,,,
47316-79250,P,Junior,Junior Fernandez,Fernandez,6,1,5500,STL@MIN,STL,MIN,,,,,
47316-62871,P,Junior,Junior Guerra,Guerra,3.5,2,5500,ARI@TEX,ARI,TEX,,,,,
47316-79259,P,Jake,Jake Faria,Faria,4.4375,16,5500,MIL@PIT,MIL,PIT,,,,,
47316-38303,P,Andrew,Andrew Chafin,Chafin,3.5,2,5500,ARI@TEX,ARI,TEX,,,,,
47316-38304,P,Archie,Archie Bradley,Bradley,14,1,5500,ARI@TEX,ARI,TEX,,,,,
47316-118179,P,Philip,Philip Pfeifer,Pfeifer,0,0,5500,ATL@TAM,ATL,TAM,IL,Elbow,,,
47316-79266,P,Brett,Brett Martin,Martin,5.607843137,51,5500,ARI@TEX,TEX,ARI,IL,Illness,,,
47316-118183,P,Nivaldo,Nivaldo Rodriguez,Rodriguez,0,0,5500,LOS@HOU,HOU,LOS,,,,,
47316-118184,P,Enoli,Enoli Paredes,Paredes,5.5,2,5500,LOS@HOU,HOU,LOS,,,,,
47316-101803,P,Jacob,Jacob Webb,Webb,5.277777778,36,5500,ATL@TAM,ATL,TAM,IL,Shoulder,,,
47316-118190,P,Ashton,Ashton Goudeau,Goudeau,0,0,5500,COL@OAK,COL,OAK,,,,,
47316-101809,P,Josh,Josh Taylor,Taylor,5.615384615,52,5500,NYM@BOS,BOS,NYM,IL,Not injury related,,,
47316-118195,P,Tejay,Tejay Antone,Antone,25,1,5500,CHC@CIN,CIN,CHC,,,,,
47316-101815,P,Jimmy,Jimmy Herget,Herget,2,5,5500,ARI@TEX,TEX,ARI,,,,,
47316-101816,P,Bryan,Bryan Abreu,Abreu,8,1,5500,LOS@HOU,HOU,LOS,,,,,
47316-101819,P,Jose,Jose Suarez,Suarez,14.68421053,19,5500,SEA@LAA,LAA,SEA,IL,Undisclosed,,,
47316-118205,P,Anthony,Anthony Castro,Castro,0,1,5500,KAN@DET,DET,KAN,,,,,
47316-101834,P,Joe,Joe Harvey,Harvey,4.5,18,5500,COL@OAK,COL,OAK,,,,,
47316-118221,P,J.P.,J.P. Feyereisen,Feyereisen,3,1,5500,MIL@PIT,MIL,PIT,,,,,
47316-101838,P,JT,JT Brubaker,Brubaker,18,1,5500,MIL@PIT,PIT,MIL,,,,,
47316-101851,P,Brock,Brock Burke,Burke,11.33333333,6,5500,ARI@TEX,TEX,ARI,IL,Shoulder,,,
47316-5599,P,Trevor,Trevor Cahill,Cahill,10.05263158,38,5500,SDP@SFG,SFG,SDP,DTD,Finger,,,
47316-116194,P,Eric,Eric Yardley,Yardley,4.5,2,5500,MIL@PIT,MIL,PIT,,,,,
47316-85476,P,Jeffrey,Jeffrey Springs,Springs,-5,1,5500,NYM@BOS,BOS,NYM,,,,,
47316-52717,P,Marcus,Marcus Walden,Walden,9,1,5500,NYM@BOS,BOS,NYM,,,,,
47316-52728,P,Michael,Michael Lorenzen,Lorenzen,-0.5,2,5500,CHC@CIN,CIN,CHC,,,,,
47316-52733,P,Scott,Scott Alexander,Alexander,3,1,5500,LOS@HOU,LOS,HOU,,,,,
47316-85517,P,Trey,Trey Wingenter,Wingenter,5.470588235,51,5500,SDP@SFG,SDP,SFG,IL,Elbow,,,
47316-95756,P,Rowan,Rowan Wick,Wick,2,1,5500,CHC@CIN,CHC,CIN,,,,,
47316-71190,P,Jose,Jose Leclerc,Leclerc,6,2,5500,ARI@TEX,TEX,ARI,,,,,
47316-101913,P,Brandon,Brandon Brennan,Brennan,1,1,5500,SEA@LAA,SEA,LAA,IL,Oblique,,,
47316-5658,P,Joakim,Joakim Soria,Soria,6,3,5500,COL@OAK,OAK,COL,,,,,
47316-85530,P,Jacob,Jacob Nix,Nix,0,0,5500,SDP@SFG,SDP,SFG,,,,,
47316-5673,P,Jesse,Jesse Chavez,Chavez,6,2,5500,ARI@TEX,TEX,ARI,,,,,
47316-71218,P,Dylan,Dylan Floro,Floro,6,2,5500,LOS@HOU,LOS,HOU,,,,,
47316-5743,P,Yusmeiro,Yusmeiro Petit,Petit,7.333333333,3,5500,COL@OAK,OAK,COL,,,,,
47316-118393,P,Stephen,Stephen Woods Jr.,Woods Jr.,0,0,5500,KAN@DET,KAN,DET,,,,,
47316-52857,P,Kyle,Kyle Ryan,Ryan,5,1,5500,CHC@CIN,CHC,CIN,,,,,
47316-118392,P,Rony,Rony Garcia,Garcia,0,0,5500,KAN@DET,DET,KAN,,,,,
47316-118395,P,Dany,Dany Jimenez,Jimenez,1,1,5500,SDP@SFG,SFG,SDP,,,,,
47316-118394,P,Yohan,Yohan Ramirez,Ramirez,10.5,2,5500,SEA@LAA,SEA,LAA,,,,,
47316-52865,P,Corey,Corey Knebel,Knebel,2,2,5500,MIL@PIT,MIL,PIT,,,,,
47316-112275,P,Conner,Conner Menez,Menez,-3,1,5500,SDP@SFG,SFG,SDP,,,,,
47316-52887,P,Tyler,Tyler Matzek,Matzek,9,1,5500,ATL@TAM,ATL,TAM,,,,,
47316-5784,P,David,David Price,Price,28.68181818,22,5500,LOS@HOU,LOS,HOU,DTD,Opt out,,,
47316-114356,P,Kevin,Kevin Ginkel,Ginkel,1,2,5500,ARI@TEX,ARI,TEX,,,,,
47316-114360,P,Devin,Devin Williams,Williams,8,2,5500,MIL@PIT,MIL,PIT,,,,,
47316-38596,P,Chris,Chris Martin,Martin,3,1,5500,ATL@TAM,ATL,TAM,,,,,
47316-81620,P,Aaron,Aaron Slegers,Slegers,6,1,5500,ATL@TAM,TAM,ATL,,,,,
47316-112348,P,Cody,Cody Stashak,Stashak,15,1,5500,STL@MIN,MIN,STL,,,,,
47316-14049,P,Bryan,Bryan Shaw,Shaw,3,1,5500,SEA@LAA,SEA,LAA,,,,,
47316-81641,P,John,John Curtiss,Curtiss,7,1,5500,ATL@TAM,TAM,ATL,,,,,
47316-81642,P,A.J.,A.J. Minter,Minter,5.5,2,5500,ATL@TAM,ATL,TAM,,,,,
47316-5885,P,Jhoulys,Jhoulys Chacin,Chacin,20,1,5500,ATL@TAM,ATL,TAM,,,,,
47316-52994,P,Casey,Casey Sadler,Sadler,1,1,5500,CHC@CIN,CHC,CIN,,,,,
47316-53045,P,Scott,Scott Oberg,Oberg,6.857142857,49,5500,COL@OAK,COL,OAK,IL,Back,,,
47316-53048,P,Cam,Cam Bedrosian,Bedrosian,4.5,2,5500,SEA@LAA,LAA,SEA,,,,,
47316-14143,P,Jared,Jared Hughes,Hughes,4.305555556,72,5500,NYM@BOS,NYM,BOS,IL,Undisclosed,,,
47316-116548,P,Tyler,Tyler Rogers,Rogers,-2,3,5500,SDP@SFG,SFG,SDP,,,,,
47316-104293,P,Nick,Nick Ramirez,Ramirez,8.326086957,46,5500,KAN@DET,DET,KAN,,,,,
47316-108421,P,Phillips,Phillips Valdez,Valdez,9,2,5500,NYM@BOS,BOS,NYM,,,,,
47316-112540,P,Jeremy,Jeremy Walker,Walker,6.666666667,6,5500,ATL@TAM,ATL,TAM,IL,Shoulder,,,
47316-8101,P,Ian,Ian Kennedy,Kennedy,9,1,5500,KAN@DET,KAN,DET,,,,,
47316-6054,P,Mark,Mark Melancon,Melancon,5.378787879,66,5500,ATL@TAM,ATL,TAM,DTD,Back,,,
47316-6057,P,Andrew,Andrew Miller,Miller,3,1,5500,STL@MIN,STL,MIN,,,,,
47316-108461,P,Pete,Pete Fairbanks,Fairbanks,5,1,5500,ATL@TAM,TAM,ATL,,,,,
47316-102335,P,Cristian,Cristian Javier,Javier,6,1,5500,LOS@HOU,HOU,LOS,,,,,
47316-104387,P,Parker,Parker Markel,Markel,4.05,20,5500,SEA@LAA,LAA,SEA,DTD,Undisclosed,,,
47316-102344,P,Brady,Brady Singer,Singer,30,1,5500,KAN@DET,KAN,DET,,,,,
47316-79848,P,Paul,Paul Sewald,Sewald,3,1,5500,NYM@BOS,NYM,BOS,,,,,
47316-81912,P,Dillon,Dillon Maples,Maples,6,1,5500,CHC@CIN,CHC,CIN,,,,,
47316-81917,P,Dillon,Dillon Peters,Peters,16.94117647,17,5500,SEA@LAA,LAA,SEA,IL,Oblique,,,
47316-12933,OF,Mike,Mike Trout,Trout,11.05000019,4,4500,SEA@LAA,LAA,SEA,,,,,
47316-21609,OF,Christian,Christian Yelich,Yelich,7.175000191,4,4400,MIL@PIT,MIL,PIT,,,,,
47316-79159,OF,Cody,Cody Bellinger,Bellinger,8.524999619,4,4400,LOS@HOU,LOS,HOU,,,,,
47316-39151,OF,Mookie,Mookie Betts,Betts,6.974999905,4,4200,LOS@HOU,LOS,HOU,,,,,
47316-13540,OF,J.D.,J.D. Martinez,Martinez,12.52499962,4,4100,NYM@BOS,BOS,NYM,,,,,
47316-79756,OF,Ronald,Ronald Acuna Jr.,Acuna Jr.,5.400000095,4,4100,ATL@TAM,ATL,TAM,,,,,
47316-16951,3B,Anthony,Anthony Rendon,Rendon,14.37945139,146,4000,SEA@LAA,LAA,SEA,DTD,Oblique,,,
47316-5763,OF,Nelson,Nelson Cruz,Cruz,38.13333384,3,4000,STL@MIN,MIN,STL,,,,,
47316-52158,SS,Trevor,Trevor Story,Story,20.63333384,3,3900,COL@OAK,COL,OAK,,,,,
47316-11334,1B,Freddie,Freddie Freeman,Freeman,10.82499981,4,3900,ATL@TAM,ATL,TAM,,,,,
47316-13487,OF,Tommy,Tommy Pham,Pham,13.77499962,4,3900,SDP@SFG,SDP,SFG,,,,,
47316-14562,2B,Jose,Jose Altuve,Altuve,18.72500038,4,3800,LOS@HOU,HOU,LOS,,,,,
47316-68522,3B,Alex,Alex Bregman,Bregman,15.07499981,4,3800,LOS@HOU,HOU,LOS,,,,,
47316-52176,1B,Max,Max Muncy,Muncy,17.02499962,4,3800,LOS@HOU,LOS,HOU,,,,,
47316-16983,OF,George,George Springer,Springer,6.925000191,4,3700,LOS@HOU,HOU,LOS,,,,,
47316-12940,1B,Anthony,Anthony Rizzo,Rizzo,22.42499924,4,3700,CHC@CIN,CHC,CIN,,,,,
47316-12968,1B,Paul,Paul Goldschmidt,Goldschmidt,14.43333308,3,3700,STL@MIN,STL,MIN,,,,,
47316-13719,3B,Nolan,Nolan Arenado,Arenado,6.066666921,3,3700,COL@OAK,COL,OAK,,,,,
47316-23107,OF,Jorge,Jorge Soler,Soler,13.22500038,4,3600,KAN@DET,KAN,DET,,,,,
47316-82614,1B,Pete,Pete Alonso,Alonso,7.050000191,4,3600,NYM@BOS,NYM,BOS,,,,,
47316-52147,3B,Kris,Kris Bryant,Bryant,3.849999905,4,3600,CHC@CIN,CHC,CIN,,,,,
47316-52180,OF,Austin,Austin Meadows,Meadows,12.46449258,138,3600,ATL@TAM,TAM,ATL,IL,Not injury related,,,
47316-13423,OF,Starling,Starling Marte,Marte,10.89999962,4,3600,ARI@TEX,ARI,TEX,,,,,
47316-21705,SS,Marcus,Marcus Semien,Semien,6.949999809,4,3600,COL@OAK,OAK,COL,,,,,
47316-21853,2B,Ketel,Ketel Marte,Marte,7.675000191,4,3600,ARI@TEX,ARI,TEX,,,,,
47316-82575,OF,Yordan,Yordan Alvarez,Alvarez,14.20229857,87,3500,LOS@HOU,HOU,LOS,IL,Undisclosed,,,
47316-68544,3B,Matt,Matt Chapman,Chapman,8.550000191,4,3500,COL@OAK,OAK,COL,,,,,
47316-52175,1B,Matt,Matt Olson,Olson,12.72500038,4,3500,COL@OAK,OAK,COL,,,,,
47316-21885,SS,Javier,Javier Baez,Baez,6.175000191,4,3500,CHC@CIN,CHC,CIN,,,,,
47316-79393,SS,Fernando,Fernando Tatis Jr.,Tatis Jr.,15.52499962,4,3500,SDP@SFG,SDP,SFG,,,,,
47316-13229,OF,Charlie,Charlie Blackmon,Blackmon,3.133333206,3,3400,COL@OAK,COL,OAK,,,,,
47316-68585,3B,Rafael,Rafael Devers,Devers,6.150000095,4,3400,NYM@BOS,BOS,NYM,,,,,
47316-37982,SS,Xander,Xander Bogaerts,Bogaerts,10.47500038,4,3400,NYM@BOS,BOS,NYM,,,,,
47316-38321,OF,Joey,Joey Gallo,Gallo,11.40000025,3,3400,ARI@TEX,TEX,ARI,,,,,
47316-82440,OF,Shohei,Shohei Ohtani,Ohtani,1,3,3300,SEA@LAA,LAA,SEA,,,,,
47316-82605,2B,Keston,Keston Hiura,Hiura,6.925000191,4,3300,MIL@PIT,MIL,PIT,,,,,
47316-17086,OF,Marcell,Marcell Ozuna,Ozuna,14.77499962,4,3300,ATL@TAM,ATL,TAM,,,,,
47316-53994,1B,Josh,Josh Bell,Bell,7.074999809,4,3300,MIL@PIT,PIT,MIL,,,,,
47316-68587,2B,Ozzie,Ozzie Albies,Albies,11.82499981,4,3300,ATL@TAM,ATL,TAM,,,,,
47316-83155,OF,Ramon,Ramon Laureano,Laureano,15.57499981,4,3300,COL@OAK,OAK,COL,,,,,
47316-5488,1B,Joey,Joey Votto,Votto,19.625,4,3300,CHC@CIN,CIN,CHC,,,,,
47316-13929,3B,Manny,Manny Machado,Machado,10.80000019,4,3300,SDP@SFG,SDP,SFG,,,,,
47316-13966,3B,Kyle,Kyle Seager,Seager,13.97500038,4,3300,SEA@LAA,SEA,LAA,,,,,
47316-6312,3B,Justin,Justin Turner,Turner,16.39999962,4,3200,LOS@HOU,LOS,HOU,,,,,
47316-12928,1B,Eric,Eric Hosmer,Hosmer,30.35000038,2,3200,SDP@SFG,SDP,SFG,DTD,Illness,,,
47316-12931,OF,Wil,Wil Myers,Myers,12.47500038,4,3200,SDP@SFG,SDP,SFG,,,,,
47316-13342,OF,Nick,Nick Castellanos,Castellanos,9.350000381,4,3200,CHC@CIN,CIN,CHC,,,,,
47316-38040,OF,Eddie,Eddie Rosario,Rosario,12.59999975,3,3200,STL@MIN,MIN,STL,,,,,
47316-21874,SS,Jorge,Jorge Polanco,Polanco,11.59999975,3,3200,STL@MIN,MIN,STL,,,,,
47316-38412,SS,Corey,Corey Seager,Seager,10.89999962,4,3200,LOS@HOU,LOS,HOU,,,,,
47316-80462,SS,Paul,Paul DeJong,DeJong,17.86666616,3,3100,STL@MIN,STL,MIN,,,,,
47316-21633,3B,Eugenio,Eugenio Suarez,Suarez,3.75,4,3100,CHC@CIN,CIN,CHC,,,,,
47316-60631,OF,Kyle,Kyle Schwarber,Schwarber,10.89999962,4,3100,CHC@CIN,CHC,CIN,,,,,
47316-85504,2B,Brandon,Brandon Lowe,Lowe,18.77499962,4,3100,ATL@TAM,TAM,ATL,,,,,
47316-38614,SS,Carlos,Carlos Correa,Correa,8.550000191,4,3100,LOS@HOU,HOU,LOS,,,,,
47316-38965,1B,C.J.,C.J. Cron,Cron,14.85000038,4,3000,KAN@DET,DET,KAN,,,,,
47316-6273,OF,Michael,Michael Brantley,Brantley,19.64999962,4,3000,LOS@HOU,HOU,LOS,,,,,
47316-17198,2B,Tommy,Tommy La Stella,La Stella,6,4,3000,SEA@LAA,LAA,SEA,,,,,
47316-70562,OF,Whit,Whit Merrifield,Merrifield,17.14999962,4,3000,KAN@DET,KAN,DET,,,,,
47316-11322,2B,Mike,Mike Moustakas,Moustakas,19.10000038,2,3000,CHC@CIN,CIN,CHC,IL,Illness,,,
47316-60642,OF,Michael,Michael Conforto,Conforto,11.60000038,4,3000,NYM@BOS,NYM,BOS,,,,,
47316-21875,OF,Max,Max Kepler,Kepler,12.46666718,3,3000,STL@MIN,MIN,STL,,,,,
47316-13924,OF,Kole,Kole Calhoun,Calhoun,9.175000191,4,3000,ARI@TEX,ARI,TEX,,,,,
47316-12113,3B,Josh,Josh Donaldson,Donaldson,7.133333206,3,3000,STL@MIN,MIN,STL,,,,,
47316-71507,1B,Yuli,Yuli Gurriel,Gurriel,10.14999962,4,3000,LOS@HOU,HOU,LOS,,,,,
47316-6197,OF,Justin,Justin Upton,Upton,5.425000191,4,2900,SEA@LAA,LAA,SEA,,,,,
47316-12970,OF,A.J.,A.J. Pollock,Pollock,7.5,2,2900,LOS@HOU,LOS,HOU,,,,,
47316-13239,3B,Eduardo,Eduardo Escobar,Escobar,3.125,4,2900,ARI@TEX,ARI,TEX,,,,,
47316-52153,OF,David,David Dahl,Dahl,10.23333359,3,2900,COL@OAK,COL,OAK,,,,,
47316-5434,1B,Ryan,Ryan Braun,Braun,6.5,2,2900,MIL@PIT,MIL,PIT,,,,,
47316-85307,3B,Jeff,Jeff McNeil,McNeil,5.425000191,4,2900,NYM@BOS,NYM,BOS,,,,,
47316-79234,OF,Kyle,Kyle Lewis,Lewis,17.95000076,4,2900,SEA@LAA,SEA,LAA,,,,,
47316-13792,2B,Kike,Kike Hernandez,Hernandez,14.32499981,4,2900,LOS@HOU,LOS,HOU,,,,,
47316-13858,C,Christian,Christian Vazquez,Vazquez,13.46666718,3,2900,NYM@BOS,BOS,NYM,,,,,
47316-13864,OF,Joc,Joc Pederson,Pederson,11.19999949,3,2900,LOS@HOU,LOS,HOU,,,,,
47316-79401,C,Will,Will Smith,Smith,10.56666692,3,2900,LOS@HOU,LOS,HOU,,,,,
47316-12462,1B,Mitch,Mitch Moreland,Moreland,21.95000076,2,2800,NYM@BOS,BOS,NYM,,,,,
47316-53586,OF,David,David Peralta,Peralta,3.924999952,4,2800,ARI@TEX,ARI,TEX,,,,,
47316-16950,1B,Miguel,Miguel Sano,Sano,1.600000024,2,2800,STL@MIN,MIN,STL,,,,,
47316-52164,SS,Adalberto,Adalberto Mondesi,Mondesi,3.049999952,4,2800,KAN@DET,KAN,DET,,,,,
47316-68586,SS,Dansby,Dansby Swanson,Swanson,19.07500076,4,2800,ATL@TAM,ATL,TAM,,,,,
47316-21584,2B,Rougned,Rougned Odor,Odor,5.166666667,3,2800,ARI@TEX,TEX,ARI,,,,,
47316-21666,OF,Mark,Mark Canha,Canha,12.63333384,3,2800,COL@OAK,OAK,COL,,,,,
47316-79156,3B,David,David Fletcher,Fletcher,13.92500019,4,2800,SEA@LAA,LAA,SEA,,,,,
47316-38299,OF,Kevin,Kevin Pillar,Pillar,22.20000076,2,2800,NYM@BOS,BOS,NYM,,,,,
47316-13851,OF,Danny,Danny Santana,Santana,3.066666603,3,2800,ARI@TEX,TEX,ARI,,,,,
47316-118408,OF,Yoshi,Yoshi Tsutsugo,Tsutsugo,10.22500038,4,2800,ATL@TAM,TAM,ATL,,,,,
47316-81622,C,Mitch,Mitch Garver,Garver,9.350000381,2,2800,STL@MIN,MIN,STL,,,,,
47316-12434,OF,Lorenzo,Lorenzo Cain,Cain,9.399999619,4,2700,MIL@PIT,MIL,PIT,,,,,
47316-68514,2B,Ryan,Ryan McMahon,McMahon,3.333333333,3,2700,COL@OAK,COL,OAK,,,,,
47316-52168,3B,Colin,Colin Moran,Moran,18.625,4,2700,MIL@PIT,PIT,MIL,,,,,
47316-13262,2B,Jurickson,Jurickson Profar,Profar,8.399999619,4,2700,SDP@SFG,SDP,SFG,,,,,
47316-13266,C,Salvador,Salvador Perez,Perez,13.27499962,4,2700,KAN@DET,KAN,DET,,,,,
47316-52179,SS,J.P.,J.P. Crawford,Crawford,12.89999962,4,2700,SEA@LAA,SEA,LAA,,,,,
47316-52187,1B,Ji-Man,Ji-Man Choi,Choi,12.52499962,4,2700,ATL@TAM,TAM,ATL,,,,,
47316-5094,1B,Daniel,Daniel Murphy,Murphy,6,2,2700,COL@OAK,COL,OAK,,,,,
47316-68589,SS,Amed,Amed Rosario,Rosario,7.724999905,4,2700,NYM@BOS,NYM,BOS,,,,,
47316-21612,SS,Nick,Nick Ahmed,Ahmed,2.299999952,4,2700,ARI@TEX,ARI,TEX,,,,,
47316-11443,1B,Justin,Justin Smoak,Smoak,9.225000381,4,2700,MIL@PIT,MIL,PIT,,,,,
47316-79092,OF,Ian,Ian Happ,Happ,13.47500038,4,2700,CHC@CIN,CHC,CIN,,,,,
47316-79120,3B,Yandy,Yandy Diaz,Diaz,5,3,2700,ATL@TAM,TAM,ATL,,,,,
47316-38218,1B,Christian,Christian Walker,Walker,7.333333333,3,2700,ARI@TEX,ARI,TEX,,,,,
47316-13694,OF,Marwin,Marwin Gonzalez,Gonzalez,12.35000038,2,2700,STL@MIN,MIN,STL,,,,,
47316-101827,2B,Luis,Luis Arraez,Arraez,12.85000038,2,2700,STL@MIN,MIN,STL,,,,,
47316-14038,OF,Khris,Khris Davis,Davis,3.066666603,3,2700,COL@OAK,OAK,COL,,,,,
47316-16947,2B,Jonathan,Jonathan Schoop,Schoop,4.675000191,4,2600,KAN@DET,DET,KAN,,,,,
47316-16948,2B,Kolten,Kolten Wong,Wong,10.20000013,3,2600,STL@MIN,STL,MIN,,,,,
47316-16964,OF,Yoenis,Yoenis Cespedes,Cespedes,8.233333588,3,2600,NYM@BOS,NYM,BOS,,,,,
47316-17014,SS,Andrelton,Andrelton Simmons,Simmons,5.474999905,4,2600,SEA@LAA,LAA,SEA,DTD,Ankle,,,
47316-82620,OF,Nick,Nick Solak,Solak,4.166666667,3,2600,ARI@TEX,TEX,ARI,,,,,
47316-13102,SS,Freddy,Freddy Galvis,Galvis,12.52499962,4,2600,CHC@CIN,CIN,CHC,,,,,
47316-52162,OF,Hunter,Hunter Dozier,Dozier,11.07194245,139,2600,KAN@DET,KAN,DET,IL,Illness,,,
47316-5077,OF,Dexter,Dexter Fowler,Fowler,8.400000254,3,2600,STL@MIN,STL,MIN,,,,,
47316-5118,1B,Miguel,Miguel Cabrera,Cabrera,9.300000191,4,2600,KAN@DET,DET,KAN,,,,,
47316-11344,C,Jason,Jason Castro,Castro,9.233333588,3,2600,SEA@LAA,LAA,SEA,,,,,
47316-83164,OF,Jake,Jake Cave,Cave,22.60000038,2,2600,STL@MIN,MIN,STL,,,,,
47316-5359,SS,Elvis,Elvis Andrus,Andrus,5.066666603,3,2600,ARI@TEX,TEX,ARI,,,,,
47316-83186,OF,Aristides,Aristides Aquino,Aquino,4.75,2,2600,CHC@CIN,CIN,CHC,,,,,
47316-21797,2B,Jose,Jose Peraza,Peraza,8.600000381,4,2600,NYM@BOS,BOS,NYM,,,,,
47316-79175,OF,Trent,Trent Grisham,Grisham,10.77499962,4,2600,SDP@SFG,SDP,SFG,,,,,
47316-79218,SS,Kevin,Kevin Newman,Newman,2,3,2600,MIL@PIT,PIT,MIL,,,,,
47316-79847,1B,Jose,Jose Osuna,Osuna,11.73333359,3,2600,MIL@PIT,PIT,MIL,,,,,
47316-81924,SS,Niko,Niko Goodrum,Goodrum,10.72500038,4,2500,KAN@DET,DET,KAN,,,,,
47316-39086,OF,Byron,Byron Buxton,Buxton,10.09885029,87,2500,STL@MIN,MIN,STL,DTD,Foot,,,
47316-12863,3B,Todd,Todd Frazier,Frazier,4,3,2500,ARI@TEX,TEX,ARI,,,,,
47316-82563,2B,Garrett,Garrett Hampson,Hampson,9.199999809,1,2500,COL@OAK,COL,OAK,,,,,
47316-82637,1B,Evan,Evan White,White,9.425000191,4,2500,SEA@LAA,SEA,LAA,,,,,
47316-54068,OF,Hunter,Hunter Renfroe,Renfroe,14.19999981,4,2500,ATL@TAM,TAM,ATL,,,,,
47316-13152,3B,Matt,Matt Carpenter,Carpenter,6.333333333,3,2500,STL@MIN,STL,MIN,,,,,
47316-68495,OF,Andrew,Andrew Benintendi,Benintendi,5.425000191,4,2500,NYM@BOS,BOS,NYM,,,,,
47316-52151,OF,Phillip,Phillip Ervin,Ervin,3.849999905,4,2500,CHC@CIN,CIN,CHC,,,,,
47316-68547,OF,Tyler,Tyler O'Neill,O'Neill,9.400000254,3,2500,STL@MIN,STL,MIN,,,,,
47316-13253,C,Martin,Martin Maldonado,Maldonado,13.06666692,3,2500,LOS@HOU,HOU,LOS,,,,,
47316-17382,OF,Gregory,Gregory Polanco,Polanco,3,1,2500,MIL@PIT,PIT,MIL,,,,,
47316-5177,1B,Albert,Albert Pujols,Pujols,3.066666603,3,2500,SEA@LAA,LAA,SEA,,,,,
47316-5181,C,Yadier,Yadier Molina,Molina,5.23333327,3,2500,STL@MIN,STL,MIN,,,,,
47316-5222,OF,Shin-Soo,Shin-Soo Choo,Choo,3.166666667,3,2500,ARI@TEX,TEX,ARI,,,,,
47316-79108,OF,Nick,Nick Senzel,Senzel,6.099999905,2,2500,CHC@CIN,CIN,CHC,DTD,Illness,,,
47316-79125,OF,Kyle,Kyle Tucker,Tucker,12.43333308,3,2500,LOS@HOU,HOU,LOS,,,,,
47316-79160,OF,Alex,Alex Verdugo,Verdugo,5.066666603,3,2500,NYM@BOS,BOS,NYM,,,,,
47316-38252,OF,Stephen,Stephen Piscotty,Piscotty,4.066666603,3,2500,COL@OAK,OAK,COL,,,,,
47316-79262,1B,Ronald,Ronald Guzman,Guzman,6.199999809,1,2500,ARI@TEX,TEX,ARI,,,,,
47316-73159,OF,Mitch,Mitch Haniger,Haniger,11.59047638,63,2500,SEA@LAA,SEA,LAA,IL,Back,,,
47316-5607,3B,Evan,Evan Longoria,Longoria,9.242636037,129,2500,SDP@SFG,SFG,SDP,IL,Oblique,,,
47316-13854,OF,Robbie,Robbie Grossman,Grossman,11.33333333,3,2500,COL@OAK,OAK,COL,,,,,
47316-38561,2B,Chris,Chris Taylor,Taylor,6.125,4,2500,LOS@HOU,LOS,HOU,,,,,
47316-14000,1B,Darin,Darin Ruf,Ruf,14.10000038,2,2500,SDP@SFG,SFG,SDP,,,,,
47316-118497,OF,Shogo,Shogo Akiyama,Akiyama,5.375,4,2500,CHC@CIN,CIN,CHC,,,,,
47316-53033,OF,Mike,Mike Yastrzemski,Yastrzemski,6.800000191,4,2500,SDP@SFG,SFG,SDP,,,,,
47316-108450,OF,Tommy,Tommy Edman,Edman,8.5,3,2500,STL@MIN,STL,MIN,,,,,
47316-73875,OF,Jose,Jose Martinez,Martinez,16.69999949,3,2400,ATL@TAM,TAM,ATL,,,,,
47316-6292,C,Buster,Buster Posey,Posey,7.294736628,114,2400,SDP@SFG,SFG,SDP,DTD,Opt out,,,
47316-12900,1B,Brandon,Brandon Belt,Belt,8.722435584,156,2400,SDP@SFG,SFG,SDP,IL,Achilles,,,
47316-82551,2B,Shed,Shed Long Jr.,Long Jr.,10.85000038,4,2400,SEA@LAA,SEA,LAA,,,,,
47316-12925,2B,Jason,Jason Kipnis,Kipnis,3,2,2400,CHC@CIN,CHC,CIN,,,,,
47316-12965,1B,Matt,Matt Davidson,Davidson,0,1,2400,CHC@CIN,CIN,CHC,IL,Illness,,,
47316-12985,OF,Avisail,Avisail Garcia,Garcia,7.133333206,3,2400,MIL@PIT,MIL,PIT,,,,,
47316-17097,OF,Brandon,Brandon Nimmo,Nimmo,6.125,4,2400,NYM@BOS,NYM,BOS,,,,,
47316-13009,C,Austin,Austin Romine,Romine,8.233333588,3,2400,KAN@DET,DET,KAN,,,,,
47316-52197,OF,Brian,Brian Goodwin,Goodwin,7.299999873,3,2400,SEA@LAA,LAA,SEA,,,,,
47316-5146,OF,Hunter,Hunter Pence,Pence,1,3,2400,SDP@SFG,SFG,SDP,,,,,
47316-21637,OF,Jackie,Jackie Bradley Jr.,Bradley Jr.,13.94999981,4,2400,NYM@BOS,BOS,NYM,,,,,
47316-79087,2B,Michael,Michael Chavis,Chavis,3.099999905,2,2400,NYM@BOS,BOS,NYM,,,,,
47316-60655,SS,Willy,Willy Adames,Adames,11.60000038,4,2400,ATL@TAM,TAM,ATL,,,,,
47316-5390,2B,Robinson,Robinson Cano,Cano,2.299999952,4,2400,NYM@BOS,NYM,BOS,,,,,
47316-79170,OF,Willie,Willie Calhoun,Calhoun,0,2,2400,ARI@TEX,TEX,ARI,,,,,
47316-79230,OF,Bryan,Bryan Reynolds,Reynolds,3.799999952,4,2400,MIL@PIT,PIT,MIL,,,,,
47316-38282,1B,Daniel,Daniel Vogelbach,Vogelbach,1.5,2,2400,SEA@LAA,SEA,LAA,,,,,
47316-71217,C,Omar,Omar Narvaez,Narvaez,7.775000095,4,2400,MIL@PIT,MIL,PIT,,,,,
47316-12123,C,Wilson,Wilson Ramos,Ramos,6.066666921,3,2400,NYM@BOS,NYM,BOS,,,,,
47316-102301,2B,Nico,Nico Hoerner,Hoerner,8.299999873,3,2400,CHC@CIN,CHC,CIN,,,,,
47316-73871,C,Carson,Carson Kelly,Kelly,0.75,4,2300,ARI@TEX,ARI,TEX,,,,,
47316-116888,OF,Jaylin,Jaylin Davis,Davis,8.299999873,3,2300,SDP@SFG,SFG,SDP,,,,,
47316-12593,3B,Eric,Eric Sogard,Sogard,8.600000381,4,2300,MIL@PIT,MIL,PIT,,,,,
47316-17012,C,Curt,Curt Casali,Casali,8.425000191,4,2300,CHC@CIN,CIN,CHC,,,,,
47316-12961,SS,Brandon,Brandon Crawford,Crawford,0.75,4,2300,SDP@SFG,SFG,SDP,,,,,
47316-70435,OF,Ben,Ben Gamel,Gamel,11,2,2300,MIL@PIT,MIL,PIT,,,,,
47316-13099,C,Travis,Travis d'Arnaud,d'Arnaud,9.37767014,103,2300,ATL@TAM,ATL,TAM,IL,Illness,,,
47316-68470,OF,JaCoby,JaCoby Jones,Jones,15.02499962,4,2300,KAN@DET,DET,KAN,,,,,
47316-5135,OF,Alex,Alex Gordon,Gordon,2.25,4,2300,KAN@DET,KAN,DET,,,,,
47316-5189,OF,Josh,Josh Reddick,Reddick,10.10000038,4,2300,LOS@HOU,HOU,LOS,,,,,
47316-54401,OF,Manuel,Manuel Margot,Margot,5.400000095,4,2300,ATL@TAM,TAM,ATL,,,,,
47316-79074,3B,Austin,Austin Riley,Riley,6.175000191,4,2300,ATL@TAM,ATL,TAM,,,,,
47316-38117,OF,Adam,Adam Duvall,Duvall,5.474999905,4,2300,ATL@TAM,ATL,TAM,,,,,
47316-70898,2B,Adam,Adam Frazier,Frazier,2.25,4,2300,MIL@PIT,PIT,MIL,,,,,
47316-38196,3B,Jake,Jake Lamb,Lamb,3,3,2300,ARI@TEX,ARI,TEX,,,,,
47316-38223,OF,Travis,Travis Jankowski,Jankowski,7.699999809,2,2300,CHC@CIN,CIN,CHC,,,,,
47316-21890,SS,Orlando,Orlando Arcia,Arcia,3.875,4,2300,MIL@PIT,MIL,PIT,,,,,
47316-38276,OF,Albert,Albert Almora Jr.,Almora Jr.,2,3,2300,CHC@CIN,CHC,CIN,,,,,
47316-79249,OF,Harrison,Harrison Bader,Bader,9.199999809,2,2300,STL@MIN,STL,MIN,,,,,
47316-71182,3B,Jeimer,Jeimer Candelario,Candelario,0,2,2300,KAN@DET,DET,KAN,,,,,
47316-38842,OF,Mallex,Mallex Smith,Smith,5.400000254,3,2300,SEA@LAA,SEA,LAA,,,,,
47316-38872,OF,Jesse,Jesse Winker,Winker,4.625,4,2300,CHC@CIN,CIN,CHC,,,,,
47316-38952,OF,Alex,Alex Dickerson,Dickerson,3,2,2200,SDP@SFG,SFG,SDP,,,,,
47316-81980,3B,Phillip,Phillip Evans,Evans,10.85000038,2,2200,MIL@PIT,PIT,MIL,,,,,
47316-102591,OF,Jake,Jake Fraley,Fraley,3.34166654,12,2200,SEA@LAA,SEA,LAA,,,,,
47316-12577,OF,Jarrod,Jarrod Dyson,Dyson,3.333333333,3,2200,MIL@PIT,PIT,MIL,,,,,
47316-82414,OF,Victor,Victor Reyes,Reyes,12.46666718,3,2200,KAN@DET,DET,KAN,,,,,
47316-80485,1B,Austin,Austin Slater,Slater,12.19999981,1,2200,SDP@SFG,SFG,SDP,DTD,Hip,,,
47316-12988,C,Robinson,Robinson Chirinos,Chirinos,1.5,2,2200,ARI@TEX,TEX,ARI,,,,,
47316-17145,2B,Greg,Greg Garcia,Garcia,6.400000254,3,2200,SDP@SFG,SDP,SFG,,,,,
47316-11129,OF,Jason,Jason Heyward,Heyward,4.23333327,3,2200,CHC@CIN,CHC,CIN,,,,,
47316-68499,3B,Johan,Johan Camargo,Camargo,4.599999905,2,2200,ATL@TAM,ATL,TAM,,,,,
47316-68525,OF,J.D.,J.D. Davis,Davis,3.049999952,4,2200,NYM@BOS,NYM,BOS,,,,,
47316-52157,C,Tom,Tom Murphy,Murphy,9.623684532,76,2200,SEA@LAA,SEA,LAA,IL,Foot,,,
47316-52178,3B,Maikel,Maikel Franco,Franco,15.77499962,4,2200,KAN@DET,KAN,DET,,,,,
47316-13304,C,Tucker,Tucker Barnhart,Barnhart,6.547368635,114,2200,CHC@CIN,CIN,CHC,IL,Personal,,,
47316-70665,C,Jacob,Jacob Stallings,Stallings,8.46666654,3,2200,MIL@PIT,PIT,MIL,,,,,
47316-82977,3B,Isiah,Isiah Kiner-Falefa,Kiner-Falefa,12,1,2200,ARI@TEX,TEX,ARI,DTD,Hamstring,,,
47316-13412,SS,Donovan,Donovan Solano,Solano,8.566666921,3,2200,SDP@SFG,SFG,SDP,,,,,
47316-13422,OF,Jake,Jake Marisnick,Marisnick,0.75,4,2200,NYM@BOS,NYM,BOS,,,,,
47316-5263,OF,Nick,Nick Markakis,Markakis,9.42413751,116,2200,ATL@TAM,ATL,TAM,DTD,Opt out,,,
47316-5292,OF,Matt,Matt Kemp,Kemp,4.75,2,2200,COL@OAK,COL,OAK,,,,,
47316-13516,C,Stephen,Stephen Vogt,Vogt,0,2,2200,ARI@TEX,ARI,TEX,,,,,
47316-60635,OF,Raimel,Raimel Tapia,Tapia,1.5,2,2200,COL@OAK,COL,OAK,,,,,
47316-38127,C,Tony,Tony Wolters,Wolters,3.25,2,2200,COL@OAK,COL,OAK,,,,,
47316-38140,1B,Greg,Greg Bird,Bird,6.769999695,10,2200,ARI@TEX,TEX,ARI,,,,,
47316-85246,1B,Josh,Josh Fuentes,Fuentes,5.212499936,24,2200,COL@OAK,COL,OAK,,,,,
47316-79113,C,Francisco,Francisco Mejia,Mejia,2.066666603,3,2200,SDP@SFG,SDP,SFG,,,,,
47316-13638,3B,Wilmer,Wilmer Flores,Flores,7.675000191,4,2200,SDP@SFG,SFG,SDP,,,,,
47316-79181,2B,Mauricio,Mauricio Dubon,Dubon,3.174999952,4,2200,SDP@SFG,SFG,SDP,,,,,
47316-13691,OF,Ender,Ender Inciarte,Inciarte,5.625,4,2200,ATL@TAM,ATL,TAM,,,,,
47316-118210,SS,Jake,Jake Cronenworth,Cronenworth,12.69999981,1,2200,SDP@SFG,SDP,SFG,,,,,
47316-101841,OF,Edward,Edward Olivares,Olivares,9.350000381,2,2200,SDP@SFG,SDP,SFG,,,,,
47316-13900,3B,Jedd,Jedd Gyorko,Gyorko,3,2,2200,MIL@PIT,MIL,PIT,,,,,
47316-116339,3B,Abraham,Abraham Toro,Toro,6.099999905,2,2200,LOS@HOU,HOU,LOS,,,,,
47316-13961,OF,Kevin,Kevin Kiermaier,Kiermaier,6.425000191,4,2200,ATL@TAM,TAM,ATL,,,,,
47316-112379,OF,Tim,Tim Lopes,Lopes,11.13333384,3,2200,SEA@LAA,SEA,LAA,,,,,
47316-110404,2B,Mike,Mike Brosseau,Brosseau,4.23333327,3,2200,ATL@TAM,TAM,ATL,,,,,
47316-12237,C,Jonathan,Jonathan Lucroy,Lucroy,0,1,2200,NYM@BOS,BOS,NYM,,,,,
47316-82021,C,Tomas,Tomas Nido,Nido,12.19999981,1,2100,NYM@BOS,NYM,BOS,,,,,
47316-73832,SS,Joey,Joey Wendle,Wendle,11.36666616,3,2100,ATL@TAM,TAM,ATL,,,,,
47316-116865,1B,Ryan,Ryan McBroom,McBroom,1,3,2100,KAN@DET,KAN,DET,,,,,
47316-116867,C,Tyler,Tyler Heineman,Heineman,10.13333321,3,2100,SDP@SFG,SFG,SDP,,,,,
47316-6282,C,Tyler,Tyler Flowers,Flowers,8.014117791,85,2100,ATL@TAM,ATL,TAM,IL,Illness,,,
47316-12458,1B,Logan,Logan Morrison,Morrison,0,2,2100,MIL@PIT,MIL,PIT,,,,,
47316-12505,2B,Eduardo,Eduardo Nunez,Nunez,4.5,2,2100,NYM@BOS,NYM,BOS,DTD,Knee,,,
47316-53757,OF,Rob,Rob Refsnyder,Refsnyder,9.199999809,1,2100,ARI@TEX,TEX,ARI,,,,,
47316-12935,2B,Dee,Dee Gordon,Gordon,3,2,2100,SEA@LAA,SEA,LAA,,,,,
47316-82581,OF,Michael,Michael Hermosillo,Hermosillo,1,3,2100,SEA@LAA,LAA,SEA,,,,,
47316-82624,C,Sean,Sean Murphy,Murphy,7.233333588,3,2100,COL@OAK,OAK,COL,,,,,
47316-17167,1B,Brad,Brad Miller,Miller,6.224050787,79,2100,STL@MIN,STL,MIN,IL,Ankle,,,
47316-54049,2B,Aledmys,Aledmys Diaz,Diaz,6.199999809,1,2100,LOS@HOU,HOU,LOS,IL,Groin,,,
47316-68471,2B,Tony,Tony Kemp,Kemp,2.066666603,3,2100,COL@OAK,OAK,COL,,,,,
47316-68478,2B,Chad,Chad Pinder,Pinder,3,2,2100,COL@OAK,OAK,COL,,,,,
47316-68533,OF,Brett,Brett Phillips,Phillips,13.59999975,3,2100,KAN@DET,KAN,DET,,,,,
47316-13238,C,Josh,Josh Phegley,Phegley,6.199999809,1,2100,CHC@CIN,CHC,CIN,,,,,
47316-68538,2B,Franklin,Franklin Barreto,Barreto,0,1,2100,COL@OAK,OAK,COL,,,,,
47316-52170,OF,Dominic,Dominic Smith,Smith,14.60000038,2,2100,NYM@BOS,NYM,BOS,,,,,
47316-52171,C,Kevin,Kevin Plawecki,Plawecki,9.5,1,2100,NYM@BOS,BOS,NYM,,,,,
47316-80848,C,Victor,Victor Caratini,Caratini,6.166666667,3,2100,CHC@CIN,CHC,CIN,,,,,
47316-80852,SS,Ildemaro,Ildemaro Vargas,Vargas,3.066666603,3,2100,ARI@TEX,ARI,TEX,,,,,
47316-5104,1B,Pablo,Pablo Sandoval,Sandoval,3.125,4,2100,SDP@SFG,SFG,SDP,,,,,
47316-5122,C,Alex,Alex Avila,Avila,9.199999809,1,2100,STL@MIN,MIN,STL,,,,,
47316-13368,OF,Billy,Billy Hamilton,Hamilton,5.652941279,119,2100,SDP@SFG,SFG,SDP,,,,,
47316-37983,C,Mike,Mike Zunino,Zunino,7.724999905,4,2100,ATL@TAM,TAM,ATL,,,,,
47316-83051,2B,David,David Bote,Bote,8,2,2100,CHC@CIN,CHC,CIN,,,,,
47316-13436,C,Max,Max Stassi,Stassi,4.599999905,2,2100,SEA@LAA,LAA,SEA,,,,,
47316-5265,C,Matt,Matt Wieters,Wieters,0,1,2100,STL@MIN,STL,MIN,,,,,
47316-79068,3B,Dawel,Dawel Lugo,Lugo,3.099999905,2,2100,KAN@DET,DET,KAN,,,,,
47316-109803,C,Austin,Austin Nola,Nola,5.300000191,4,2100,SEA@LAA,SEA,LAA,,,,,
47316-79131,OF,Christin,Christin Stewart,Stewart,1.5,4,2100,KAN@DET,DET,KAN,DTD,Undisclosed,,,
47316-79141,1B,Ryan,Ryan O'Hearn,O'Hearn,22.20000076,1,2100,KAN@DET,KAN,DET,,,,,
47316-38249,OF,Steven,Steven Souza Jr.,Souza Jr.,16.20000076,1,2100,CHC@CIN,CHC,CIN,,,,,
47316-79219,SS,Cole,Cole Tucker,Tucker,0,2,2100,MIL@PIT,PIT,MIL,,,,,
47316-13685,SS,Brock,Brock Holt,Holt,3.200000048,1,2100,MIL@PIT,MIL,PIT,DTD,Ankle,,,
47316-13687,3B,Jordy,Jordy Mercer,Mercer,3.099999905,2,2100,KAN@DET,DET,KAN,,,,,
47316-79225,SS,Luis,Luis Urias,Urias,6.794366111,71,2100,MIL@PIT,MIL,PIT,IL,Not injury related,,,
47316-38297,C,Austin,Austin Barnes,Barnes,4.166666667,3,2100,LOS@HOU,LOS,HOU,,,,,
47316-101820,1B,Matt,Matt Beaty,Beaty,7.123232447,99,2100,LOS@HOU,LOS,HOU,,,,,
47316-101842,1B,Ty,Ty France,France,4.599999905,2,2100,SDP@SFG,SDP,SFG,,,,,
47316-13799,1B,Matt,Matt Adams,Adams,10.35000038,4,2100,ATL@TAM,ATL,TAM,,,,,
47316-104085,OF,Josh,Josh VanMeter,VanMeter,6.066666921,3,2100,CHC@CIN,CIN,CHC,,,,,
47316-14018,C,John Ryan,John Ryan Murphy,Murphy,4.75,2,2100,MIL@PIT,PIT,MIL,,,,,
47316-6029,2B,Jed,Jed Lowrie,Lowrie,0.333333333,9,2100,NYM@BOS,NYM,BOS,IL,Knee,,,
47316-102284,C,William,William Contreras,Contreras,4.625,4,2100,ATL@TAM,ATL,TAM,,,,,
47316-102411,C,Andrew,Andrew Knizner,Knizner,7.43888855,18,2000,STL@MIN,STL,MIN,,,,,
47316-135190,SS,Taylor,Taylor Walls,Walls,0,0,2000,ATL@TAM,TAM,ATL,,,,,
47316-135195,C,Sebastian,Sebastian Rivero,Rivero,0,0,2000,KAN@DET,KAN,DET,,,,,
47316-135193,2B,Esteban,Esteban Quiroz,Quiroz,0,0,2000,ATL@TAM,TAM,ATL,,,,,
47316-104483,1B,Jared,Jared Walsh,Walsh,0,2,2000,SEA@LAA,LAA,SEA,,,,,
47316-135207,2B,Alex,Alex De Goti,De Goti,0,0,2000,LOS@HOU,HOU,LOS,,,,,
47316-135210,C,Jamie,Jamie Ritchie,Ritchie,0,0,2000,LOS@HOU,HOU,LOS,,,,,
47316-38955,OF,Joey,Joey Rickard,Rickard,5.09999982,68,2000,SDP@SFG,SFG,SDP,,,,,
47316-135215,C,Colton,Colton Shaver,Shaver,0,0,2000,LOS@HOU,HOU,LOS,,,,,
47316-135213,C,Michael,Michael Papierski,Papierski,0,0,2000,LOS@HOU,HOU,LOS,,,,,
47316-135218,OF,Jake,Jake Meyers,Meyers,0,0,2000,LOS@HOU,HOU,LOS,,,,,
47316-135216,OF,Chas,Chas McCormick,McCormick,0,0,2000,LOS@HOU,HOU,LOS,,,,,
47316-135217,3B,Nick,Nick Tanielu,Tanielu,0,0,2000,LOS@HOU,HOU,LOS,,,,,
47316-135227,2B,Jose,Jose Rojas,Rojas,0,0,2000,SEA@LAA,LAA,SEA,,,,,
47316-135230,SS,Elliot,Elliot Soto,Soto,0,0,2000,SEA@LAA,LAA,SEA,,,,,
47316-135228,C,Jack,Jack Kruger,Kruger,0,0,2000,SEA@LAA,LAA,SEA,,,,,
47316-135235,C,Christian,Christian Kelley,Kelley,0,0,2000,MIL@PIT,PIT,MIL,,,,,
47316-61506,C,Oscar,Oscar Hernandez,Hernandez,0,2,2000,KAN@DET,KAN,DET,,,,,
47316-135239,SS,Rodolfo,Rodolfo Castro,Castro,0,0,2000,MIL@PIT,PIT,MIL,,,,,
47316-135240,1B,Mason,Mason Martin,Martin,0,0,2000,MIL@PIT,PIT,MIL,,,,,
47316-135263,C,Brian,Brian O'Keefe,O'Keefe,0,0,2000,SEA@LAA,SEA,LAA,,,,,
47316-135267,2B,Kaden,Kaden Polcovich,Polcovich,0,0,2000,SEA@LAA,SEA,LAA,,,,,
47316-135265,3B,Austin,Austin Shenton,Shenton,0,0,2000,SEA@LAA,SEA,LAA,,,,,
47316-135271,3B,Tyler,Tyler Keenan,Keenan,0,0,2000,SEA@LAA,SEA,LAA,,,,,
47316-135269,OF,Zach,Zach DeLoach,DeLoach,0,0,2000,SEA@LAA,SEA,LAA,,,,,
47316-135274,OF,Zach,Zach Reks,Reks,0,0,2000,LOS@HOU,LOS,HOU,IL,Undisclosed,,,
47316-135272,OF,Cody,Cody Thomas,Thomas,0,0,2000,LOS@HOU,LOS,HOU,IL,Undisclosed,,,
47316-114796,C,Nick,Nick Dini,Dini,6.709999847,20,2000,KAN@DET,KAN,DET,,,,,
47316-135276,C,Patrick,Patrick Mazeika,Mazeika,0,0,2000,NYM@BOS,NYM,BOS,,,,,
47316-135277,OF,Johneshwy,Johneshwy Fargas,Fargas,0,0,2000,NYM@BOS,NYM,BOS,,,,,
47316-135287,2B,Bret,Bret Boswell,Boswell,0,0,2000,COL@OAK,COL,OAK,,,,,
47316-135290,1B,John,John Nogowski,Nogowski,0,0,2000,STL@MIN,STL,MIN,,,,,
47316-135291,C,Jose,Jose Godoy,Godoy,0,0,2000,STL@MIN,STL,MIN,,,,,
47316-135288,SS,Alan,Alan Trejo,Trejo,0,0,2000,COL@OAK,COL,OAK,,,,,
47316-116869,SS,Erick,Erick Mejia,Mejia,0,4,2000,KAN@DET,KAN,DET,,,,,
47316-116870,SS,Seth,Seth Mejias-Brean,Mejias-Brean,5.792857034,14,2000,SDP@SFG,SDP,SFG,,,,,
47316-135307,C,Webster,Webster Rivas,Rivas,0,0,2000,SDP@SFG,SDP,SFG,,,,,
47316-135305,3B,Tucupita,Tucupita Marcano,Marcano,0,0,2000,SDP@SFG,SDP,SFG,,,,,
47316-135308,OF,Robert,Robert Hassell III,Hassell III,0,0,2000,SDP@SFG,SDP,SFG,,,,,
47316-39090,SS,Erik,Erik Gonzalez,Gonzalez,1,3,2000,MIL@PIT,PIT,MIL,,,,,
47316-104629,SS,Jack,Jack Mayfield,Mayfield,4.196153787,26,2000,LOS@HOU,HOU,LOS,,,,,
47316-135363,3B,Evan,Evan Mendoza,Mendoza,0,0,2000,STL@MIN,STL,MIN,,,,,
47316-135366,SS,Masyn,Masyn Winn,Winn,0,0,2000,STL@MIN,STL,MIN,,,,,
47316-135364,3B,Jordan,Jordan Walker,Walker,0,0,2000,STL@MIN,STL,MIN,,,,,
47316-102621,SS,Wander,Wander Franco,Franco,0,0,2000,ATL@TAM,TAM,ATL,,,,,
47316-117011,OF,Johnny,Johnny Davis,Davis,3.125,8,2000,ATL@TAM,TAM,ATL,,,,,
47316-82251,OF,Tim,Tim Locastro,Locastro,1.600000024,2,2000,ARI@TEX,ARI,TEX,,,,,
47316-135529,OF,Jake,Jake Vogel,Vogel,0,0,2000,LOS@HOU,LOS,HOU,,,,,
47316-12660,3B,Daniel,Daniel Descalso,Descalso,3.945121951,82,2000,CHC@CIN,CHC,CIN,IL,Ankle,,,
47316-84401,1B,Brandon,Brandon Dixon,Dixon,7.866101798,118,2000,KAN@DET,DET,KAN,,,,,
47316-135646,C,Carson,Carson Taylor,Taylor,0,0,2000,LOS@HOU,LOS,HOU,,,,,
47316-135649,OF,Anthony,Anthony Garcia,Garcia,0,0,2000,LOS@HOU,LOS,HOU,DTD,Groin,,,
47316-96762,2B,Kevin,Kevin Kramer,Kramer,3.431818182,22,2000,MIL@PIT,PIT,MIL,IL,Hip,,,
47316-96765,C,Joe,Joe Hudson,Hudson,0,1,2000,SEA@LAA,SEA,LAA,,,,,
47316-119338,OF,Jordan,Jordan Brewer,Brewer,0,0,2000,LOS@HOU,HOU,LOS,,,,,
47316-119341,SS,Wenceel,Wenceel Perez,Perez,0,0,2000,KAN@DET,DET,KAN,,,,,
47316-119342,3B,Nick,Nick Quintana,Quintana,0,0,2000,KAN@DET,DET,KAN,,,,,
47316-119345,SS,Jeremy,Jeremy Pena,Pena,0,0,2000,LOS@HOU,HOU,LOS,,,,,
47316-119344,SS,Grae,Grae Kessinger,Kessinger,0,0,2000,LOS@HOU,HOU,LOS,,,,,
47316-119346,C,Korey,Korey Lee,Lee,0,0,2000,LOS@HOU,HOU,LOS,,,,,
47316-119349,SS,Bobby,Bobby Witt Jr.,Witt Jr.,0,0,2000,KAN@DET,KAN,DET,,,,,
47316-119353,3B,Kody,Kody Hoese,Hoese,0,0,2000,LOS@HOU,LOS,HOU,,,,,
47316-119352,2B,Michael,Michael Busch,Busch,0,0,2000,LOS@HOU,LOS,HOU,,,,,
47316-16955,OF,Bubba,Bubba Starling,Starling,0.75,4,2000,KAN@DET,KAN,DET,,,,,
47316-72261,OF,Guillermo,Guillermo Heredia,Heredia,1.549999952,4,2000,MIL@PIT,PIT,MIL,,,,,
47316-72264,SS,Max,Max Moroff,Moroff,2.979999924,20,2000,NYM@BOS,NYM,BOS,,,,,
47316-80459,OF,Franchy,Franchy Cordero,Cordero,5.133333206,3,2000,KAN@DET,KAN,DET,,,,,
47316-119371,2B,Devin,Devin Mann,Mann,0,0,2000,LOS@HOU,LOS,HOU,,,,,
47316-119372,3B,Miguel,Miguel Vargas,Vargas,0,0,2000,LOS@HOU,LOS,HOU,,,,,
47316-119376,3B,Brett,Brett Baty,Baty,0,0,2000,NYM@BOS,NYM,BOS,,,,,
47316-119407,OF,Sammy,Sammy Siani,Siani,0,0,2000,MIL@PIT,PIT,MIL,,,,,
47316-119408,2B,Ji-Hwan,Ji-Hwan Bae,Bae,0,0,2000,MIL@PIT,PIT,MIL,,,,,
47316-119410,SS,CJ,CJ Abrams,Abrams,0,0,2000,SDP@SFG,SDP,SFG,,,,,
47316-135799,C,David,David Rodriguez,Rodriguez,0,0,2000,NYM@BOS,NYM,BOS,,,,,
47316-135801,1B,Jake,Jake Hager,Hager,0,0,2000,NYM@BOS,NYM,BOS,,,,,
47316-119421,3B,Malcolm,Malcolm Nunez,Nunez,0,0,2000,STL@MIN,STL,MIN,,,,,
47316-119422,OF,Jhon,Jhon Torres,Torres,0,0,2000,STL@MIN,STL,MIN,,,,,
47316-119425,OF,Tre,Tre Fletcher,Fletcher,0,0,2000,STL@MIN,STL,MIN,,,,,
47316-119427,1B,Logan,Logan Wyatt,Wyatt,0,0,2000,SDP@SFG,SFG,SDP,,,,,
47316-70277,C,Kevan,Kevan Smith,Smith,2.066666603,3,2000,ATL@TAM,TAM,ATL,,,,,
47316-119429,3B,Luis,Luis Toribio,Toribio,0,0,2000,SDP@SFG,SFG,SDP,,,,,
47316-119428,SS,Will,Will Wilson,Wilson,0,0,2000,SDP@SFG,SFG,SDP,,,,,
47316-119432,SS,Greg,Greg Jones,Jones,0,0,2000,ATL@TAM,TAM,ATL,,,,,
47316-119434,OF,Moises,Moises Gomez,Gomez,0,0,2000,ATL@TAM,TAM,ATL,,,,,
47316-119440,3B,Davis,Davis Wendzel,Wendzel,0,0,2000,ARI@TEX,TEX,ARI,,,,,
47316-113309,OF,Josh,Josh Rojas,Rojas,0,1,2000,ARI@TEX,ARI,TEX,,,,,
47316-21161,2B,Yolmer,Yolmer Sanchez,Sanchez,6.666442871,149,2000,SDP@SFG,SFG,SDP,DTD,Back,,,
47316-82617,SS,Andres,Andres Gimenez,Gimenez,0,4,2000,NYM@BOS,NYM,BOS,,,,,
47316-82616,SS,Luis,Luis Guillorme,Guillorme,0,1,2000,NYM@BOS,NYM,BOS,,,,,
47316-13034,OF,Charlie,Charlie Culberson,Culberson,0,3,2000,ATL@TAM,ATL,TAM,,,,,
47316-13054,C,Rob,Rob Brantly,Brantly,0,1,2000,SDP@SFG,SFG,SDP,,,,,
47316-13060,SS,Adeiny,Adeiny Hechavarria,Hechavarria,0,2,2000,ATL@TAM,ATL,TAM,,,,,
47316-84742,C,Willians,Willians Astudillo,Astudillo,7.053448381,58,2000,STL@MIN,MIN,STL,,,,,
47316-13098,C,Rene,Rene Rivera,Rivera,3,1,2000,NYM@BOS,NYM,BOS,,,,,
47316-54080,OF,Austin,Austin Dean,Dean,5.795312405,64,2000,STL@MIN,STL,MIN,,,,,
47316-136090,SS,Nick,Nick Gonzales,Gonzales,0,0,2000,MIL@PIT,PIT,MIL,,,,,
47316-13209,C,Manny,Manny Pina,Pina,3,2,2000,MIL@PIT,MIL,PIT,,,,,
47316-80836,SS,Tzu-Wei,Tzu-Wei Lin,Lin,1.5,2,2000,NYM@BOS,BOS,NYM,,,,,
47316-68557,OF,Ryan,Ryan Cordell,Cordell,4.839175195,97,2000,NYM@BOS,NYM,BOS,,,,,
47316-97257,OF,Myles,Myles Straw,Straw,5.837499891,56,2000,LOS@HOU,HOU,LOS,,,,,
47316-68593,2B,Jorge,Jorge Mateo,Mateo,0,0,2000,SDP@SFG,SDP,SFG,IL,Illness,,,
47316-97291,2B,Harold,Harold Castro,Castro,1,3,2000,KAN@DET,DET,KAN,,,,,
47316-54307,C,Elias,Elias Diaz,Diaz,5.457425863,101,2000,COL@OAK,COL,OAK,,,,,
47316-11311,C,Drew,Drew Butera,Butera,3,1,2000,COL@OAK,COL,OAK,,,,,
47316-58431,OF,Terrance,Terrance Gore,Gore,0,1,2000,LOS@HOU,LOS,HOU,,,,,
47316-21573,OF,Jace,Jace Peterson,Peterson,7.83793114,29,2000,MIL@PIT,MIL,PIT,,,,,
47316-21618,C,Rocky,Rocky Gale,Gale,1.839999962,5,2000,LOS@HOU,LOS,HOU,,,,,
47316-38004,C,Austin,Austin Hedges,Hedges,0,3,2000,SDP@SFG,SDP,SFG,,,,,
47316-136317,OF,Aaron,Aaron Whitefield,Whitefield,1.600000024,2,2000,STL@MIN,MIN,STL,,,,,
47316-5282,C,Jeff,Jeff Mathis,Mathis,12,1,2000,ARI@TEX,TEX,ARI,,,,,
47316-13501,OF,Chris,Chris Owings,Owings,1.600000024,2,2000,COL@OAK,COL,OAK,,,,,
47316-13535,2B,Ehire,Ehire Adrianza,Adrianza,3.099999905,2,2000,STL@MIN,MIN,STL,,,,,
47316-83173,C,Jose,Jose Trevino,Trevino,0,1,2000,ARI@TEX,TEX,ARI,,,,,
47316-83177,C,Grayson,Grayson Greiner,Greiner,0,3,2000,KAN@DET,DET,KAN,,,,,
47316-60649,C,Alex,Alex Jackson,Jackson,0,2,2000,ATL@TAM,ATL,TAM,,,,,
47316-83180,C,Meibrys,Meibrys Viloria,Viloria,5.211904617,42,2000,KAN@DET,KAN,DET,,,,,
47316-83183,SS,Eric,Eric Stamets,Stamets,2.919999949,15,2000,COL@OAK,COL,OAK,,,,,
47316-83188,3B,Kelvin,Kelvin Gutierrez,Gutierrez,7.515000153,20,2000,KAN@DET,KAN,DET,IL,Elbow,,,
47316-5366,2B,Dustin,Dustin Pedroia,Pedroia,2.616666635,6,2000,NYM@BOS,BOS,NYM,IL,Knee,,,
47316-83196,SS,Chris,Chris Rabago,Rabago,0,0,2000,COL@OAK,COL,OAK,,,,,
47316-79110,C,Tyler,Tyler Stephenson,Stephenson,31.39999962,1,2000,CHC@CIN,CIN,CHC,,,,,
47316-13586,2B,Christian,Christian Colon,Colon,0,1,2000,CHC@CIN,CIN,CHC,,,,,
47316-85266,1B,Kevin,Kevin Cron,Cron,1.5,2,2000,ARI@TEX,ARI,TEX,,,,,
47316-13593,OF,Keon,Keon Broxton,Broxton,4.237999878,100,2000,MIL@PIT,MIL,PIT,,,,,
47316-79128,C,Garrett,Garrett Stubbs,Stubbs,0,1,2000,LOS@HOU,HOU,LOS,,,,,
47316-79138,3B,Jonathan,Jonathan Arauz,Arauz,0,1,2000,NYM@BOS,BOS,NYM,,,,,
47316-79151,3B,Taylor,Taylor Ward,Ward,1.549999952,4,2000,SEA@LAA,LAA,SEA,,,,,
47316-79152,3B,Matt,Matt Thaiss,Thaiss,0,2,2000,SEA@LAA,LAA,SEA,,,,,
47316-21815,OF,Socrates,Socrates Brito,Brito,2.941176471,17,2000,MIL@PIT,PIT,MIL,,,,,
47316-136504,C,Patrick,Patrick Bailey,Bailey,0,0,2000,SDP@SFG,SFG,SDP,,,,,
47316-79176,OF,JT,JT Riddle,Riddle,5.058823529,51,2000,MIL@PIT,PIT,MIL,IL,Abdomen,,,
47316-85320,C,Michael,Michael Perez,Perez,1,3,2000,ATL@TAM,TAM,ATL,,,,,
47316-79223,OF,Josh,Josh Naylor,Naylor,0,1,2000,SDP@SFG,SDP,SFG,,,,,
47316-79222,OF,Dylan,Dylan Cozens,Cozens,0,1,2000,ATL@TAM,TAM,ATL,,,,,
47316-101753,3B,Dylan,Dylan Moore,Moore,5.780531081,113,2000,SEA@LAA,SEA,LAA,,,,,
47316-79236,OF,Drew,Drew Jackson,Jackson,1,3,2000,LOS@HOU,LOS,HOU,,,,,
47316-79240,C,Aramis,Aramis Garcia,Garcia,4.694444444,18,2000,SDP@SFG,SFG,SDP,IL,Hip,,,
47316-79247,2B,Edmundo,Edmundo Sosa,Sosa,3.049999952,8,2000,STL@MIN,STL,MIN,,,,,
47316-101787,OF,LaMonte,LaMonte Wade Jr.,Wade Jr.,0,1,2000,STL@MIN,MIN,STL,,,,,
47316-79263,OF,Leody,Leody Taveras,Taveras,0,1,2000,ARI@TEX,TEX,ARI,,,,,
47316-118181,1B,Taylor,Taylor Jones,Jones,0,1,2000,LOS@HOU,HOU,LOS,,,,,
47316-101811,OF,Sam,Sam Hilliard,Hilliard,3,2,2000,COL@OAK,COL,OAK,,,,,
47316-101817,2B,Luis,Luis Rengifo,Rengifo,7.345370257,108,2000,SEA@LAA,LAA,SEA,IL,Hamstring,,,
47316-101821,3B,Edwin,Edwin Rios,Rios,0,2,2000,LOS@HOU,LOS,HOU,,,,,
47316-101835,C,Austin,Austin Allen,Allen,1.5,2,2000,COL@OAK,OAK,COL,,,,,
47316-101837,OF,Jason,Jason Martin,Martin,4,20,2000,MIL@PIT,PIT,MIL,,,,,
47316-101844,OF,Lane,Lane Thomas,Thomas,1,3,2000,STL@MIN,STL,MIN,,,,,
47316-101848,OF,Scott,Scott Heineman,Heineman,6.804000244,25,2000,ARI@TEX,TEX,ARI,,,,,
47316-101853,OF,Joe,Joe McCarthy,McCarthy,0,3,2000,SDP@SFG,SFG,SDP,,,,,
47316-52732,OF,Jorge,Jorge Bonifacio,Bonifacio,10.61999969,5,2000,KAN@DET,DET,KAN,,,,,
47316-38411,2B,Alen,Alen Hanson,Hanson,3.833333333,18,2000,SEA@LAA,SEA,LAA,,,,,
47316-101910,1B,Connor,Connor Joe,Joe,1.149999976,8,2000,LOS@HOU,LOS,HOU,,,,,
47316-110118,1B,Rangel,Rangel Ravelo,Ravelo,3.251724243,29,2000,STL@MIN,STL,MIN,,,,,
47316-81511,1B,Kyle,Kyle Farmer,Farmer,0,1,2000,CHC@CIN,CIN,CHC,,,,,
47316-118398,SS,Vimael,Vimael Machin,Machin,0,1,2000,COL@OAK,OAK,COL,,,,,
47316-52885,C,Dustin,Dustin Garneau,Garneau,18.70000076,1,2000,LOS@HOU,HOU,LOS,,,,,
47316-81570,C,Cam,Cam Gallagher,Gallagher,5.928888618,45,2000,KAN@DET,KAN,DET,IL,Illness,,,
47316-14012,OF,Jarrett,Jarrett Parker,Parker,2.439999962,5,2000,NYM@BOS,NYM,BOS,,,,,
47316-14019,OF,Abraham,Abraham Almonte,Almonte,7.129411585,17,2000,SDP@SFG,SDP,SFG,,,,,
47316-112337,3B,Zach,Zach Green,Green,2.712500095,8,2000,SDP@SFG,SFG,SDP,,,,,
47316-11989,OF,Jon,Jon Jay,Jay,5.508510508,47,2000,ARI@TEX,ARI,TEX,,,,,
47316-110306,SS,Humberto,Humberto Arteaga,Arteaga,4.126829194,41,2000,KAN@DET,KAN,DET,,,,,
47316-116450,1B,Seth,Seth Brown,Brown,8.180769113,26,2000,COL@OAK,OAK,COL,,,,,
47316-52995,C,Luke,Luke Maile,Maile,3.873333401,45,2000,MIL@PIT,PIT,MIL,IL,Finger,,,
47316-53007,3B,Daniel,Daniel Robertson,Robertson,5.744594677,74,2000,ATL@TAM,TAM,ATL,,,,,
47316-6047,OF,Cameron,Cameron Maybin,Maybin,2.349999905,4,2000,KAN@DET,DET,KAN,,,,,
47316-79785,1B,Jose,Jose Marmolejos,Marmolejos,2,3,2000,SEA@LAA,SEA,LAA,,,,,
47316-102331,2B,Nicky,Nicky Lopez,Lopez,2.25,4,2000,KAN@DET,KAN,DET,,,,,
47316-102390,C,Travis,Travis Swaggerty,Swaggerty,0,0,2000,MIL@PIT,PIT,MIL,,,,,