Id,Position,First Name,Nickname,Last Name,FPPG,Played,Salary,Game,Team,Opponent,Injury Indicator,Injury Details,Tier,Probable Pitcher,Batting Order
47431-16956,P,Gerrit,Gerrit Cole,Cole,37.5,2,11700,BOS@NYY,NYY,BOS,,,,,0
47431-16959,P,Trevor,Trevor Bauer,Bauer,59,1,11400,CIN@DET,CIN,DET,,,,,0
47431-5202,P,Justin,Justin Verlander,Verlander,43,1,11200,HOU@LAA,HOU,LAA,IL,Forearm,,,
47431-52859,P,Jacob,Jacob deGrom,deGrom,33.5,2,11200,NYM@ATL,NYM,ATL,,,,,0
47431-82554,P,Shane,Shane Bieber,Bieber,71.5,2,10700,CLE@MIN,CLE,MIN,,,,,
47431-79168,P,Walker,Walker Buehler,Buehler,14,1,10500,LOS@ARI,LOS,ARI,,,,,
47431-5427,P,Clayton,Clayton Kershaw,Kershaw,38.13793103,29,10300,LOS@ARI,LOS,ARI,IL,Back,,,
47431-79162,P,Luis,Luis Castillo,Castillo,52,1,10100,CIN@DET,CIN,DET,,,,Yes,
47431-17064,P,Sonny,Sonny Gray,Gray,57.5,2,10000,CIN@DET,CIN,DET,,,,,0
47431-52172,P,Noah,Noah Syndergaard,Syndergaard,32.65625,32,10000,NYM@ATL,NYM,ATL,IL,Elbow,,,0
47431-70559,P,Mike,Mike Clevinger,Clevinger,37,1,9800,CLE@MIN,CLE,MIN,,,,Yes,
47431-52183,P,Tyler,Tyler Glasnow,Glasnow,36,1,9700,TAM@BAL,TAM,BAL,,,,,0
47431-79224,P,Chris,Chris Paddack,Paddack,33.5,2,9700,SDP@COL,SDP,COL,,,,,0
47431-5522,P,Zack,Zack Greinke,Greinke,7,1,9600,HOU@LAA,HOU,LAA,,,,,
47431-12477,P,Chris,Chris Sale,Sale,38.72,25,9500,BOS@NYY,BOS,NYY,IL,Elbow,,,0
47431-68488,P,Blake,Blake Snell,Snell,21,1,9500,TAM@BAL,TAM,BAL,DTD,,,Yes,
47431-5466,P,Charlie,Charlie Morton,Morton,18,2,9400,TAM@BAL,TAM,BAL,,,,,0
47431-53398,P,Kyle,Kyle Hendricks,Hendricks,34,2,9200,PIT@CHC,CHC,PIT,,,,,0
47431-80433,P,Dinelson,Dinelson Lamet,Lamet,37.5,2,9200,SDP@COL,SDP,COL,,,,,0
47431-6266,P,Carlos,Carlos Carrasco,Carrasco,52,1,9100,CLE@MIN,CLE,MIN,,,,,
47431-16931,P,Yu,Yu Darvish,Darvish,18,1,9100,PIT@CHC,CHC,PIT,,,,Yes,
47431-52198,P,Lucas,Lucas Giolito,Giolito,19.5,2,9100,CWS@KAN,CWS,KAN,,,,,0
47431-52159,P,Lance,Lance McCullers Jr.,McCullers Jr.,40,1,9000,HOU@LAA,HOU,LAA,,,,Yes,
47431-60639,P,Jose,Jose Berrios,Berrios,13.5,2,9000,CLE@MIN,MIN,CLE,,,,,
47431-60644,P,Luis,Luis Severino,Severino,29,3,9000,BOS@NYY,NYY,BOS,IL,Elbow,,,0
47431-11354,P,Lance,Lance Lynn,Lynn,50.5,2,8900,TEX@SFG,TEX,SFG,,,,,
47431-13627,P,Corey,Corey Kluber,Kluber,6,1,8900,TEX@SFG,TEX,SFG,IL,Shoulder,,,
47431-52142,P,Eduardo,Eduardo Rodriguez,Rodriguez,34.38235294,34,8800,BOS@NYY,BOS,NYY,IL,Illness,,,0
47431-68561,P,Luke,Luke Weaver,Weaver,10,1,8800,LOS@ARI,ARI,LOS,,,,,
47431-79073,P,Mike,Mike Soroka,Soroka,28,2,8800,NYM@ATL,ATL,NYM,,,,,0
47431-12481,P,Mike,Mike Minor,Minor,30,1,8700,TEX@SFG,TEX,SFG,,,,Yes,
47431-21098,P,James,James Paxton,Paxton,-3,1,8700,BOS@NYY,NYY,BOS,,,,,0
47431-6311,P,Madison,Madison Bumgarner,Bumgarner,22.5,2,8600,LOS@ARI,ARI,LOS,,,,,
47431-5369,P,Jon,Jon Lester,Lester,24,1,8600,PIT@CHC,CHC,PIT,,,,,0
47431-5767,P,J.A.,J.A. Happ,Happ,6,1,8600,BOS@NYY,NYY,BOS,,,,,0
47431-73880,P,German,German Marquez,Marquez,40.5,2,8500,SDP@COL,COL,SDP,,,,,0
47431-52268,P,Masahiro,Masahiro Tanaka,Tanaka,26.53125,32,8400,BOS@NYY,NYY,BOS,IL,Concussion,,,0
47431-38311,P,Ross,Ross Stripling,Stripling,34,2,8400,LOS@ARI,LOS,ARI,,,,,
47431-63136,P,Matthew,Matthew Boyd,Boyd,15,2,8400,CIN@DET,DET,CIN,,,,,0
47431-16957,P,Dylan,Dylan Bundy,Bundy,42.5,2,8200,HOU@LAA,LAA,HOU,,,,,
47431-12936,P,Kyle,Kyle Gibson,Gibson,27,1,8200,TEX@SFG,TEX,SFG,,,,,
47431-6149,P,Jeff,Jeff Samardzija,Samardzija,0,1,8100,TEX@SFG,SFG,TEX,,,,,
47431-82636,P,Joey,Joey Lucchesi,Lucchesi,11,1,8100,SDP@COL,SDP,COL,,,,,0
47431-85251,P,Zac,Zac Gallen,Gallen,27,1,8000,LOS@ARI,ARI,LOS,,,,Yes,
47431-38272,P,Mike,Mike Foltynewicz,Foltynewicz,1,1,8000,NYM@ATL,ATL,NYM,,,,,0
47431-5790,P,Homer,Homer Bailey,Bailey,27,1,8000,CLE@MIN,MIN,CLE,,,,,
47431-104584,P,Zach,Zach Plesac,Plesac,61,1,7900,CLE@MIN,CLE,MIN,,,,,
47431-17116,P,Jake,Jake Odorizzi,Odorizzi,31.7,30,7900,CLE@MIN,MIN,CLE,IL,Back,,,
47431-60633,P,Carlos,Carlos Rodon,Rodon,8,1,7900,CWS@KAN,CWS,KAN,,,,,0
47431-53029,P,Robbie,Robbie Ray,Ray,17,2,7900,LOS@ARI,ARI,LOS,,,,,
47431-82557,P,Aaron,Aaron Civale,Civale,49,1,7800,CLE@MIN,CLE,MIN,,,,,
47431-68518,P,Spencer,Spencer Turnbull,Turnbull,36,1,7800,CIN@DET,DET,CIN,,,,Yes,
47431-52174,P,Steven,Steven Matz,Matz,28,2,7800,NYM@ATL,NYM,ATL,,,,,0
47431-101881,P,Merrill,Merrill Kelly,Kelly,51,1,7800,LOS@ARI,ARI,LOS,,,,,
47431-39041,P,Marcus,Marcus Stroman,Stroman,30.125,32,7700,NYM@ATL,NYM,ATL,IL,Calf,,,0
47431-63781,P,Frankie,Frankie Montas,Montas,21,2,7700,OAK@SEA,OAK,SEA,,,,,
47431-82582,P,Griffin,Griffin Canning,Canning,26,1,7700,HOU@LAA,LAA,HOU,,,,,
47431-52185,P,Max,Max Fried,Fried,36,2,7700,NYM@ATL,ATL,NYM,,,,,0
47431-79198,P,Justus,Justus Sheffield,Sheffield,3,1,7700,OAK@SEA,SEA,OAK,,,,,
47431-5525,P,Cole,Cole Hamels,Hamels,28.2962963,27,7700,NYM@ATL,ATL,NYM,IL,Triceps,,,0
47431-52166,P,Julio,Julio Urias,Urias,21,1,7600,LOS@ARI,LOS,ARI,,,,,
47431-82535,P,Kyle,Kyle Wright,Wright,2,1,7500,NYM@ATL,ATL,NYM,,,,,0
47431-21099,P,Jose,Jose Quintana,Quintana,26.125,32,7500,PIT@CHC,CHC,PIT,IL,Thumb,,,0
47431-52165,P,Sean,Sean Manaea,Manaea,11,1,7500,OAK@SEA,OAK,SEA,,,,Yes,
47431-5983,P,Rich,Rich Hill,Hill,27,1,7500,CLE@MIN,MIN,CLE,,,,,
47431-12918,P,Julio,Julio Teheran,Teheran,25.94285714,35,7400,HOU@LAA,LAA,HOU,IL,Not injury related,,,
47431-12921,P,Chris,Chris Archer,Archer,27.26086957,23,7400,PIT@CHC,PIT,CHC,IL,Shoulder,,,0
47431-68452,P,Kenta,Kenta Maeda,Maeda,33,1,7400,CLE@MIN,MIN,CLE,,,,,
47431-82840,P,Yonny,Yonny Chirinos,Chirinos,24,1,7400,TAM@BAL,TAM,BAL,,,,,0
47431-12864,P,Michael,Michael Pineda,Pineda,30.03846154,26,7300,CLE@MIN,MIN,CLE,NA,Suspension,,,
47431-52169,P,Kohl,Kohl Stewart,Stewart,7.555555556,9,7300,TAM@BAL,BAL,TAM,IL,Opt out,,,0
47431-12934,P,Tyler,Tyler Chatwood,Chatwood,49,1,7200,PIT@CHC,CHC,PIT,,,,,0
47431-13233,P,Nathan,Nathan Eovaldi,Eovaldi,29,2,7200,BOS@NYY,BOS,NYY,,,,,0
47431-79109,P,Tyler,Tyler Mahle,Mahle,18,1,7200,CIN@DET,CIN,DET,,,,,0
47431-102344,P,Brady,Brady Singer,Singer,24,2,7200,CWS@KAN,KAN,CWS,,,,,
47431-68491,P,Reynaldo,Reynaldo Lopez,Lopez,-10,1,7100,CWS@KAN,CWS,KAN,IL,Shoulder,,,0
47431-52167,P,Andrew,Andrew Heaney,Heaney,28,2,7100,HOU@LAA,LAA,HOU,,,,,
47431-13444,P,Mike,Mike Fiers,Fiers,0,1,7100,OAK@SEA,OAK,SEA,,,,,
47431-23089,P,Dallas,Dallas Keuchel,Keuchel,19,1,7000,CWS@KAN,CWS,KAN,,,,Yes,
47431-79280,P,Jesus,Jesus Luzardo,Luzardo,19,2,7000,OAK@SEA,OAK,SEA,,,,,
47431-85599,P,Framber,Framber Valdez,Valdez,10,1,7000,HOU@LAA,HOU,LAA,,,,,
47431-53067,P,Chris,Chris Bassitt,Bassitt,27,1,7000,OAK@SEA,OAK,SEA,,,,,
47431-12929,P,Jordan,Jordan Lyles,Lyles,12,1,6900,TEX@SFG,TEX,SFG,,,,,
47431-5498,P,Johnny,Johnny Cueto,Cueto,14.5,2,6900,TEX@SFG,SFG,TEX,,,,,
47431-12972,P,Wade,Wade Miley,Miley,-1,1,6800,CIN@DET,CIN,DET,IL,Groin,,,0
47431-70634,P,Daniel,Daniel Mengden,Mengden,15,1,6800,OAK@SEA,OAK,SEA,,,,,
47431-38028,P,Alex,Alex Wood,Wood,12,1,6800,LOS@ARI,LOS,ARI,IL,Shoulder,,,
47431-54445,P,Asher,Asher Wojciechowski,Wojciechowski,24,1,6800,TAM@BAL,BAL,TAM,,,,,0
47431-79853,P,Jordan,Jordan Montgomery,Montgomery,9,2,6800,BOS@NYY,NYY,BOS,,,,Yes,
47431-6234,P,Jordan,Jordan Zimmermann,Zimmermann,15.2173913,23,6700,CIN@DET,DET,CIN,IL,Forearm,,,0
47431-53607,P,Anthony,Anthony DeSclafani,DeSclafani,28.48387097,31,6700,CIN@DET,CIN,DET,IL,Shoulder,,,0
47431-68485,P,Ryan,Ryan Yarbrough,Yarbrough,27,2,6700,TAM@BAL,TAM,BAL,,,,,0
47431-68523,P,Joe,Joe Musgrove,Musgrove,30.5,2,6700,PIT@CHC,PIT,CHC,,,,,0
47431-52155,P,Jon,Jon Gray,Gray,20,1,6700,SDP@COL,COL,SDP,,,,Yes,
47431-85531,P,Josh,Josh James,James,15,1,6700,HOU@LAA,HOU,LAA,,,,,
47431-68483,P,Trevor,Trevor Williams,Williams,11,1,6600,PIT@CHC,PIT,CHC,,,,Yes,
47431-68520,P,Michael,Michael Fulmer,Fulmer,2,1,6600,CIN@DET,DET,CIN,,,,,0
47431-79147,P,Jakob,Jakob Junis,Junis,26.25806452,31,6600,CWS@KAN,KAN,CWS,IL,Not injury related,,,
47431-72265,P,Matt,Matt Strahm,Strahm,2.666666667,3,6500,SDP@COL,SDP,COL,,,,,0
47431-68517,P,Antonio,Antonio Senzatela,Senzatela,24,1,6500,SDP@COL,COL,SDP,,,,,0
47431-37999,P,Michael,Michael Wacha,Wacha,30,1,6500,NYM@ATL,NYM,ATL,,,,,0
47431-79217,P,Mitch,Mitch Keller,Keller,24,1,6500,PIT@CHC,PIT,CHC,,,,,0
47431-5659,P,Rick,Rick Porcello,Porcello,-9,1,6500,NYM@ATL,NYM,ATL,,,,Yes,
47431-110822,P,Jose,Jose Urquidy,Urquidy,23.66666667,9,6400,HOU@LAA,HOU,LAA,IL,Undisclosed,,,
47431-68469,P,Adam,Adam Plutko,Plutko,34,1,6400,CLE@MIN,CLE,MIN,,,,,
47431-13268,P,Danny,Danny Duffy,Duffy,20,2,6400,CWS@KAN,KAN,CWS,,,,,
47431-13438,P,Drew,Drew Pomeranz,Pomeranz,8.25,4,6400,SDP@COL,SDP,COL,,,,,0
47431-79072,P,Brad,Brad Keller,Keller,26.03571429,28,6400,CWS@KAN,KAN,CWS,IL,Not injury related,,,
47431-5764,P,Derek,Derek Holland,Holland,26,1,6400,PIT@CHC,PIT,CHC,,,,,0
47431-70561,P,Alec,Alec Mills,Mills,31,1,6300,PIT@CHC,CHC,PIT,,,,,0
47431-60632,P,Kyle,Kyle Freeland,Freeland,37,1,6300,SDP@COL,COL,SDP,,,,,0
47431-79091,P,Dylan,Dylan Cease,Cease,-2,1,6300,CWS@KAN,CWS,KAN,,,,,0
47431-12175,P,Ivan,Ivan Nova,Nova,16,2,6300,CIN@DET,DET,CIN,,,,,0
47431-11321,P,Mike,Mike Montgomery,Montgomery,0,1,6200,CWS@KAN,KAN,CWS,IL,Lat,,,
47431-38000,P,Kevin,Kevin Gausman,Gausman,20,2,6200,TEX@SFG,SFG,TEX,,,,,
47431-21919,P,Matt,Matt Andriese,Andriese,32,1,6200,HOU@LAA,LAA,HOU,,,,Yes,
47431-101839,P,Logan,Logan Webb,Webb,15,1,6200,TEX@SFG,SFG,TEX,,,,Yes,
47431-5661,P,Felix,Felix Hernandez,Hernandez,16.73333333,15,6200,NYM@ATL,ATL,NYM,DTD,Opt out,,,0
47431-114708,P,Randy,Randy Dobnak,Dobnak,18,1,6100,CLE@MIN,MIN,CLE,,,,Yes,
47431-104672,P,Devin,Devin Smeltzer,Smeltzer,6,1,6100,CLE@MIN,MIN,CLE,,,,,
47431-57717,P,Buck,Buck Farmer,Farmer,5.25,4,6100,CIN@DET,DET,CIN,,,,,0
47431-82594,P,Dustin,Dustin May,May,19,2,6100,LOS@ARI,LOS,ARI,,,,,
47431-13019,P,Garrett,Garrett Richards,Richards,33,1,6100,SDP@COL,SDP,COL,,,,Yes,
47431-11328,P,Martin,Martin Perez,Perez,20.5,2,6100,BOS@NYY,BOS,NYY,,,,,0
47431-5320,P,Gio,Gio Gonzalez,Gonzalez,2,1,6100,CWS@KAN,CWS,KAN,,,,,0
47431-79209,P,A.J.,A.J. Puk,Puk,7.3,10,6100,OAK@SEA,OAK,SEA,IL,Shoulder,,,
47431-79882,P,Austin,Austin Pruitt,Pruitt,14.78571429,14,6000,HOU@LAA,HOU,LAA,IL,Elbow,,,
47431-39127,P,Jerad,Jerad Eickhoff,Eickhoff,20.58333333,12,6000,SDP@COL,SDP,COL,,,,,0
47431-13123,P,Alex,Alex Cobb,Cobb,37,1,6000,TAM@BAL,BAL,TAM,,,,Yes,
47431-66765,P,Jorge,Jorge Lopez,Lopez,-4,1,6000,CWS@KAN,KAN,CWS,,,,,
47431-83163,P,Jonathan,Jonathan Loaisiga,Loaisiga,18,2,6000,BOS@NYY,NYY,BOS,,,,,0
47431-60637,P,Sean,Sean Newcomb,Newcomb,10,1,6000,NYM@ATL,ATL,NYM,,,,Yes,
47431-102001,P,Yusei,Yusei Kikuchi,Kikuchi,8,1,6000,OAK@SEA,SEA,OAK,,,,,
47431-73363,P,Felix,Felix Pena,Pena,13,2,6000,HOU@LAA,LAA,HOU,,,,,
47431-79903,P,Glenn,Glenn Sparkman,Sparkman,6,2,5900,CWS@KAN,KAN,CWS,,,,,
47431-97021,P,Matt,Matt Hall,Hall,8,1,5900,BOS@NYY,BOS,NYY,,,,,0
47431-15221,P,Tommy,Tommy Milone,Milone,12,1,5900,TAM@BAL,BAL,TAM,,,,,0
47431-68505,P,Carson,Carson Fulmer,Fulmer,3,2,5900,CIN@DET,DET,CIN,,,,,0
47431-68551,P,Tyler,Tyler Beede,Beede,21.84,25,5900,TEX@SFG,SFG,TEX,IL,Elbow,,,
47431-52190,P,Marco,Marco Gonzales,Gonzales,28.5,2,5900,OAK@SEA,SEA,OAK,,,,,
47431-79228,P,Cal,Cal Quantrill,Quantrill,13,1,5900,SDP@COL,SDP,COL,,,,,0
47431-71188,P,Steven,Steven Brault,Brault,9,1,5900,PIT@CHC,PIT,CHC,,,,,0
47431-65988,P,Zach,Zach Davies,Davies,30,1,5800,SDP@COL,SDP,COL,,,,,0
47431-82538,P,Darwinzon,Darwinzon Hernandez,Hernandez,7.482758621,29,5800,BOS@NYY,BOS,NYY,IL,Not injury related,,,0
47431-17087,P,Drew,Drew Smyly,Smyly,11,2,5800,TEX@SFG,SFG,TEX,,,,,
47431-15234,P,Brad,Brad Peacock,Peacock,21.86956522,23,5800,HOU@LAA,HOU,LAA,IL,Shoulder,,,
47431-52195,P,Daniel,Daniel Norris,Norris,18.96969697,33,5800,CIN@DET,DET,CIN,IL,Not injury related,,,0
47431-82935,P,Trevor,Trevor Richards,Richards,3,1,5800,TAM@BAL,TAM,BAL,,,,,0
47431-97300,P,John,John Means,Means,-2,1,5800,TAM@BAL,BAL,TAM,,,,,0
47431-83148,P,Dario,Dario Agrazal,Agrazal,17.8,15,5800,CIN@DET,DET,CIN,IL,Forearm,,,0
47431-60656,P,Jeff,Jeff Hoffman,Hoffman,15.16666667,18,5800,SDP@COL,COL,SDP,,,,,0
47431-53043,P,Jesse,Jesse Hahn,Hahn,2.333333333,6,5800,CWS@KAN,KAN,CWS,NA,Personal,,,
47431-63827,P,Zack,Zack Godley,Godley,33,1,5700,BOS@NYY,BOS,NYY,,,,,0
47431-21097,P,Taijuan,Taijuan Walker,Walker,-2,1,5700,OAK@SEA,SEA,OAK,,,,Yes,
47431-58434,P,Kendall,Kendall Graveman,Graveman,15,1,5700,OAK@SEA,SEA,OAK,,,,,
47431-79067,P,Alex,Alex Young,Young,9.5,2,5700,LOS@ARI,ARI,LOS,,,,,
47431-79076,P,Kolby,Kolby Allard,Allard,21.33333333,9,5700,TEX@SFG,TEX,SFG,,,,,
47431-79123,P,Tyler,Tyler Alexander,Alexander,8,3,5700,CIN@DET,DET,CIN,,,,,0
47431-38164,P,Jimmy,Jimmy Nelson,Nelson,9.3,10,5700,LOS@ARI,LOS,ARI,IL,Back,,,
47431-102498,P,Patrick,Patrick Sandoval,Sandoval,21,1,5600,HOU@LAA,LAA,HOU,,,,,
47431-53599,P,Chi Chi,Chi Chi Gonzalez,Gonzalez,17.42857143,14,5600,SDP@COL,COL,SDP,,,,,0
47431-103218,P,Nick,Nick Margevicius,Margevicius,4.5,2,5600,OAK@SEA,SEA,OAK,DTD,Leg,,,
47431-82775,P,Nestor,Nestor Cortes,Cortes,3.5,2,5600,OAK@SEA,SEA,OAK,,,,,
47431-68493,P,David,David Hess,Hess,3,1,5600,TAM@BAL,BAL,TAM,,,,,0
47431-52141,P,Lucas,Lucas Sims,Sims,8.333333333,3,5600,CIN@DET,CIN,DET,,,,,0
47431-83165,P,Lewis,Lewis Thorpe,Thorpe,8.5,2,5600,CLE@MIN,MIN,CLE,DTD,Leg,,,
47431-79071,P,Taylor,Taylor Clarke,Clarke,20,1,5600,LOS@ARI,ARI,LOS,,,,,
47431-79117,P,Peter,Peter Lambert,Lambert,11.5,22,5600,SDP@COL,COL,SDP,IL,Elbow,,,0
47431-38246,P,Tyler,Tyler Anderson,Anderson,8,2,5600,TEX@SFG,SFG,TEX,,,,,
47431-118391,P,Brandon,Brandon Bailey,Bailey,3,1,5600,HOU@LAA,HOU,LAA,,,,,
47431-6018,P,Wade,Wade LeBlanc,LeBlanc,23,1,5600,TAM@BAL,BAL,TAM,,,,,0
47431-102334,P,Corbin,Corbin Martin,Martin,17,5,5600,LOS@ARI,ARI,LOS,IL,Elbow,,,
47431-79873,P,Dylan,Dylan Covey,Covey,6,1,5500,BOS@NYY,BOS,NYY,,,,,0
47431-81922,P,Jacob,Jacob Rhame,Rhame,5,5,5500,HOU@LAA,LAA,HOU,DTD,Undisclosed,,,
47431-81925,P,Richard,Richard Rodriguez,Rodriguez,5,3,5500,PIT@CHC,PIT,CHC,,,,,0
47431-135191,P,Josh,Josh Fleming,Fleming,0,0,5500,TAM@BAL,TAM,BAL,,,,,0
47431-135192,P,Ryan,Ryan Thompson,Thompson,7,2,5500,TAM@BAL,TAM,BAL,,,,,0
47431-81949,P,Jace,Jace Fry,Fry,8.5,2,5500,CWS@KAN,CWS,KAN,,,,,0
47431-135198,P,Daniel,Daniel Tillo,Tillo,0,0,5500,CWS@KAN,KAN,CWS,,,,,
47431-135196,P,Tyler,Tyler Zuber,Zuber,2,3,5500,CWS@KAN,KAN,CWS,,,,,
47431-135205,P,Shao-Ching,Shao-Ching Chiang,Chiang,0,0,5500,CIN@DET,DET,CIN,,,,,0
47431-135211,P,Jojanse,Jojanse Torres,Torres,0,0,5500,HOU@LAA,HOU,LAA,,,,,
47431-135208,P,Shawn,Shawn Dubin,Dubin,0,0,5500,HOU@LAA,HOU,LAA,,,,,
47431-135209,P,Andre,Andre Scrubb,Scrubb,14,1,5500,HOU@LAA,HOU,LAA,,,,,
47431-135214,P,Ralph,Ralph Garza Jr.,Garza Jr.,0,0,5500,HOU@LAA,HOU,LAA,,,,,
47431-110636,P,Cy,Cy Sneed,Sneed,7.333333333,3,5500,HOU@LAA,HOU,LAA,,,,,
47431-135212,P,Luis,Luis Garcia,Garcia,0,0,5500,HOU@LAA,HOU,LAA,,,,,
47431-135219,P,Brett,Brett Conine,Conine,0,0,5500,HOU@LAA,HOU,LAA,,,,,
47431-79927,P,Stefan,Stefan Crichton,Crichton,5.25,4,5500,LOS@ARI,ARI,LOS,,,,,
47431-135226,P,Wes,Wes Benjamin,Benjamin,0,0,5500,TEX@SFG,TEX,SFG,,,,,
47431-6206,P,Edinson,Edinson Volquez,Volquez,3,2,5500,TEX@SFG,TEX,SFG,,,,,
47431-71742,P,Grant,Grant Dayton,Dayton,8,2,5500,NYM@ATL,ATL,NYM,,,,,0
47431-135229,P,Reid,Reid Detmers,Detmers,0,0,5500,HOU@LAA,LAA,HOU,,,,,
47431-135234,P,Aaron,Aaron Shortridge,Shortridge,0,0,5500,PIT@CHC,PIT,CHC,,,,,0
47431-104512,P,Geoff,Geoff Hartlieb,Hartlieb,15,1,5500,PIT@CHC,PIT,CHC,,,,,0
47431-135238,P,Braeden,Braeden Ogle,Ogle,0,0,5500,PIT@CHC,PIT,CHC,,,,,0
47431-38981,P,Brandon,Brandon Workman,Workman,6,3,5500,BOS@NYY,BOS,NYY,,,,,0
47431-38982,P,Noe,Noe Ramirez,Ramirez,2.666666667,3,5500,HOU@LAA,LAA,HOU,,,,,
47431-135236,P,Max,Max Kranick,Kranick,0,0,5500,PIT@CHC,PIT,CHC,,,,,0
47431-102470,P,Rico,Rico Garcia,Garcia,3.75,4,5500,TEX@SFG,SFG,TEX,,,,,
47431-135237,P,Nick,Nick Mears,Mears,0,0,5500,PIT@CHC,PIT,CHC,,,,,0
47431-102481,P,Bryan,Bryan Garcia,Garcia,5,2,5500,CIN@DET,DET,CIN,,,,,0
47431-102484,P,Brandon,Brandon Bielak,Bielak,25,1,5500,HOU@LAA,HOU,LAA,,,,,
47431-79959,P,Dovydas,Dovydas Neverauskas,Neverauskas,9.5,2,5500,PIT@CHC,PIT,CHC,,,,,0
47431-79960,P,Paul,Paul Fry,Fry,1.5,2,5500,TAM@BAL,BAL,TAM,,,,,0
47431-39003,P,Jairo,Jairo Diaz,Diaz,7,3,5500,SDP@COL,COL,SDP,,,,,0
47431-135262,P,Anthony,Anthony Misiewicz,Misiewicz,6,3,5500,OAK@SEA,SEA,OAK,,,,,
47431-135266,P,Ljay,Ljay Newsome,Newsome,0,0,5500,OAK@SEA,SEA,OAK,,,,,
47431-135264,P,Aaron,Aaron Fletcher,Fletcher,0,0,5500,OAK@SEA,SEA,OAK,,,,,
47431-135270,P,Sam,Sam Delaplane,Delaplane,0,0,5500,OAK@SEA,SEA,OAK,,,,,
47431-73828,P,Dan,Dan Altavilla,Altavilla,4,3,5500,OAK@SEA,SEA,OAK,,,,,
47431-116839,P,David,David Bednar,Bednar,3.5,2,5500,SDP@COL,SDP,COL,,,,,0
47431-135268,P,Emerson,Emerson Hancock,Hancock,0,0,5500,OAK@SEA,SEA,OAK,,,,,
47431-135275,P,Marshall,Marshall Kasowski,Kasowski,0,0,5500,LOS@ARI,LOS,ARI,,,,,
47431-135273,P,Andre,Andre Jackson,Jackson,0,0,5500,LOS@ARI,LOS,ARI,,,,,
47431-135278,P,Kevin,Kevin Smith,Smith,0,0,5500,NYM@ATL,NYM,ATL,,,,,0
47431-135279,P,Codi,Codi Heuer,Heuer,6,2,5500,CWS@KAN,CWS,KAN,,,,,0
47431-116847,P,Cole,Cole Sulser,Sulser,3,2,5500,TAM@BAL,BAL,TAM,,,,,0
47431-73838,P,Yohander,Yohander Mendez,Mendez,11.66666667,3,5500,TEX@SFG,TEX,SFG,,,,,
47431-116846,P,Ronald,Ronald Bolanos,Bolanos,9,1,5500,CWS@KAN,KAN,CWS,,,,,
47431-6257,P,Pedro,Pedro Strop,Strop,5.5,2,5500,CIN@DET,CIN,DET,,,,,0
47431-135285,P,Alexander,Alexander Guillen,Guillen,0,0,5500,SDP@COL,COL,SDP,,,,,0
47431-116868,P,Gabe,Gabe Speier,Speier,2.5,2,5500,CWS@KAN,KAN,CWS,,,,,
47431-135303,P,Jordan,Jordan Weems,Weems,12,1,5500,OAK@SEA,OAK,SEA,,,,,
47431-73865,P,Jonathan,Jonathan Holder,Holder,7,1,5500,BOS@NYY,NYY,BOS,,,,,0
47431-135306,P,Cole,Cole Wilcox,Wilcox,0,0,5500,SDP@COL,SDP,COL,,,,,0
47431-102536,P,Nick,Nick Nelson,Nelson,0,0,5500,BOS@NYY,NYY,BOS,,,,,0
47431-114827,P,John,John Schreiber,Schreiber,4.5,2,5500,CIN@DET,DET,CIN,,,,,0
47431-73866,P,Wandy,Wandy Peralta,Peralta,9.333333333,3,5500,TEX@SFG,SFG,TEX,,,,,
47431-135309,P,Tyler,Tyler Cyr,Cyr,0,0,5500,TEX@SFG,SFG,TEX,,,,,
47431-6290,P,Wade,Wade Davis,Davis,3,2,5500,SDP@COL,COL,SDP,,,,,0
47431-135312,P,Kyle,Kyle Nelson,Nelson,0,0,5500,CLE@MIN,CLE,MIN,,,,,
47431-135313,P,Nick,Nick Sandlin,Sandlin,0,0,5500,CLE@MIN,CLE,MIN,,,,,
47431-53396,P,Nick,Nick Tropeano,Tropeano,8.666666667,3,5500,BOS@NYY,NYY,BOS,,,,,0
47431-73877,P,Kevin,Kevin McCarthy,McCarthy,3,2,5500,CWS@KAN,KAN,CWS,,,,,
47431-102549,P,Andres,Andres Munoz,Munoz,6.136363636,22,5500,SDP@COL,SDP,COL,IL,Elbow,,,0
47431-73882,P,Joely,Joely Rodriguez,Rodriguez,0,0,5500,TEX@SFG,TEX,SFG,IL,Lat,,,
47431-80033,P,Emilio,Emilio Pagan,Pagan,0.5,4,5500,SDP@COL,SDP,COL,,,,,0
47431-80034,P,Jose,Jose Alvarado,Alvarado,5.75,4,5500,TAM@BAL,TAM,BAL,,,,,0
47431-12452,P,Kenley,Kenley Jansen,Jansen,5,3,5500,LOS@ARI,LOS,ARI,,,,,
47431-12455,P,Josh,Josh Tomlin,Tomlin,12.5,2,5500,NYM@ATL,ATL,NYM,,,,,0
47431-39081,P,Chasen,Chasen Shreve,Shreve,3,1,5500,NYM@ATL,NYM,ATL,,,,,0
47431-102568,P,Colin,Colin Poche,Poche,6.274509804,51,5500,TAM@BAL,TAM,BAL,IL,Elbow,,,0
47431-135339,P,Clayton,Clayton Beeter,Beeter,0,0,5500,LOS@ARI,LOS,ARI,,,,,
47431-12463,P,Greg,Greg Holland,Holland,8.25,4,5500,CWS@KAN,KAN,CWS,,,,,
47431-39101,P,Nick,Nick Goody,Goody,3.333333333,3,5500,TEX@SFG,TEX,SFG,,,,,
47431-135359,P,Caleb,Caleb Baragar,Baragar,10,2,5500,TEX@SFG,SFG,TEX,,,,,
47431-102590,P,Joey,Joey Gerber,Gerber,0,0,5500,OAK@SEA,SEA,OAK,,,,,
47431-71875,P,Mike,Mike Mayers,Mayers,1.666666667,3,5500,HOU@LAA,LAA,HOU,,,,,
47431-135360,P,Sam,Sam Wolff,Wolff,0,0,5500,TEX@SFG,SFG,TEX,,,,,
47431-112841,P,Jose,Jose Rodriguez,Rodriguez,8.888888889,9,5500,HOU@LAA,LAA,HOU,,,,,
47431-12523,P,Jeremy,Jeremy Jeffress,Jeffress,4,2,5500,PIT@CHC,CHC,PIT,,,,,0
47431-12594,P,Jake,Jake McGee,McGee,7,3,5500,LOS@ARI,LOS,ARI,,,,,
47431-117065,P,James,James Karinchak,Karinchak,9,3,5500,CLE@MIN,CLE,MIN,,,,,
47431-135526,P,Adrian,Adrian De Horta,De Horta,0,0,5500,HOU@LAA,LAA,HOU,,,,,
47431-135525,P,Adam,Adam Seminaris,Seminaris,0,0,5500,HOU@LAA,LAA,HOU,,,,,
47431-135530,P,Brett,Brett de Geus,de Geus,0,0,5500,LOS@ARI,LOS,ARI,,,,,
47431-12675,P,Steve,Steve Cishek,Cishek,3.333333333,3,5500,CWS@KAN,CWS,KAN,,,,,0
47431-61858,P,Raisel,Raisel Iglesias,Iglesias,3,1,5500,CIN@DET,CIN,DET,,,,,0
47431-65968,P,Silvino,Silvino Bracho,Bracho,0,0,5500,LOS@ARI,ARI,LOS,IL,Elbow,,,
47431-80313,P,Keynan,Keynan Middleton,Middleton,6.5,2,5500,HOU@LAA,LAA,HOU,,,,,
47431-65987,P,Domingo,Domingo German,German,31.40740741,27,5500,BOS@NYY,NYY,BOS,NA,Suspension,,,0
47431-80345,P,Reyes,Reyes Moronta,Moronta,6.142857143,56,5500,TEX@SFG,SFG,TEX,IL,Shoulder,,,
47431-135647,P,Ryan,Ryan Pepiot,Pepiot,0,0,5500,LOS@ARI,LOS,ARI,,,,,
47431-135650,P,Landon,Landon Knack,Knack,0,0,5500,LOS@ARI,LOS,ARI,,,,,
47431-135648,P,Bobby,Bobby Miller,Miller,0,0,5500,LOS@ARI,LOS,ARI,,,,,
47431-84452,P,Caleb,Caleb Ferguson,Ferguson,7.666666667,3,5500,LOS@ARI,LOS,ARI,,,,,
47431-117232,P,Michael,Michael King,King,4,1,5500,BOS@NYY,NYY,BOS,,,,,0
47431-82430,P,Yoshihisa,Yoshihisa Hirano,Hirano,4.64516129,62,5500,OAK@SEA,SEA,OAK,IL,Illness,,,
47431-119301,P,Brennan,Brennan Malone,Malone,0,0,5500,PIT@CHC,PIT,CHC,,,,,0
47431-53767,P,Dan,Dan Winkler,Winkler,1,1,5500,PIT@CHC,CHC,PIT,,,,,0
47431-119331,P,Daniel,Daniel Espino,Espino,0,0,5500,CLE@MIN,CLE,MIN,,,,,
47431-53801,P,James,James Pazos,Pazos,4.583333333,12,5500,SDP@COL,COL,SDP,,,,,0
47431-119339,P,Tyler,Tyler Ivey,Ivey,0,0,5500,HOU@LAA,HOU,LAA,,,,,
47431-64044,P,Tyler,Tyler Duffey,Duffey,10.5,2,5500,CLE@MIN,MIN,CLE,,,,,
47431-119340,P,Tarik,Tarik Skubal,Skubal,0,0,5500,CIN@DET,DET,CIN,,,,,0
47431-12848,P,Hector,Hector Rondon,Rondon,-1.5,2,5500,LOS@ARI,ARI,LOS,,,,,
47431-12860,P,Zack,Zack Britton,Britton,6,2,5500,BOS@NYY,NYY,BOS,,,,,0
47431-16961,P,Jameson,Jameson Taillon,Taillon,25,7,5500,PIT@CHC,PIT,CHC,IL,Elbow,,,0
47431-119373,P,Tony,Tony Dibrell,Dibrell,0,0,5500,NYM@ATL,NYM,ATL,,,,,0
47431-119375,P,Dedniel,Dedniel Nunez,Nunez,0,0,5500,NYM@ATL,NYM,ATL,,,,,0
47431-16982,P,Ryan,Ryan Tepera,Tepera,7.5,2,5500,PIT@CHC,CHC,PIT,,,,,0
47431-16986,P,Alex,Alex Colome,Colome,3,2,5500,CWS@KAN,CWS,KAN,,,,,0
47431-80477,P,Hunter,Hunter Wood,Wood,5.944444444,36,5500,CLE@MIN,CLE,MIN,,,,,
47431-119388,P,Junior,Junior Santos,Santos,0,0,5500,NYM@ATL,NYM,ATL,,,,,0
47431-80478,P,Reymin,Reymin Guduan,Guduan,2.714285714,7,5500,LOS@ARI,LOS,ARI,,,,,
47431-119392,P,Josh,Josh Wolf,Wolf,0,0,5500,NYM@ATL,NYM,ATL,,,,,0
47431-80482,P,Randy,Randy Rosario,Rosario,3.842105263,19,5500,CWS@KAN,KAN,CWS,IL,Arm,,,
47431-21096,P,Erasmo,Erasmo Ramirez,Ramirez,0,1,5500,NYM@ATL,NYM,ATL,,,,,0
47431-17002,P,Evan,Evan Marshall,Marshall,8,4,5500,CWS@KAN,CWS,KAN,,,,,0
47431-82539,P,Jalen,Jalen Beeks,Beeks,17.66666667,3,5500,TAM@BAL,TAM,BAL,,,,,0
47431-119406,P,Cody,Cody Bolton,Bolton,0,0,5500,PIT@CHC,PIT,CHC,,,,,0
47431-119411,P,Joey,Joey Cantillo,Cantillo,0,0,5500,SDP@COL,SDP,COL,,,,,0
47431-119413,P,Isaiah,Isaiah Campbell,Campbell,0,0,5500,OAK@SEA,SEA,OAK,,,,,
47431-135798,P,Garrett,Garrett Stallings,Stallings,0,0,5500,HOU@LAA,LAA,HOU,,,,,
47431-113268,P,Zac,Zac Grotz,Grotz,0,3,5500,OAK@SEA,SEA,OAK,,,,,
47431-119415,P,Juan,Juan Then,Then,0,0,5500,OAK@SEA,SEA,OAK,,,,,
47431-119414,P,George,George Kirby,Kirby,0,0,5500,OAK@SEA,SEA,OAK,,,,,
47431-119417,P,Brayan,Brayan Perez,Perez,0,0,5500,OAK@SEA,SEA,OAK,,,,,
47431-17017,P,Sean,Sean Gilmartin,Gilmartin,-5,1,5500,TAM@BAL,TAM,BAL,,,,,0
47431-119416,P,Brandon,Brandon Williamson,Williamson,0,0,5500,OAK@SEA,SEA,OAK,,,,,
47431-135800,P,Matt,Matt Blackham,Blackham,0,0,5500,NYM@ATL,NYM,ATL,,,,,0
47431-70271,P,Carlos,Carlos Estevez,Estevez,5.5,4,5500,SDP@COL,COL,SDP,,,,,0
47431-17026,P,Heath,Heath Hembree,Hembree,7,4,5500,BOS@NYY,BOS,NYY,,,,,0
47431-82564,P,Yency,Yency Almonte,Almonte,9,2,5500,SDP@COL,COL,SDP,,,,,0
47431-119431,P,Seth,Seth Johnson,Johnson,0,0,5500,TAM@BAL,TAM,BAL,,,,,0
47431-62087,P,Miguel,Miguel Castro,Castro,4,3,5500,TAM@BAL,BAL,TAM,,,,,0
47431-119433,P,JJ,JJ Goss,Goss,0,0,5500,TAM@BAL,TAM,BAL,,,,,0
47431-119435,P,Riley,Riley O'Brien,O'Brien,0,0,5500,TAM@BAL,TAM,BAL,,,,,0
47431-17036,P,Dan,Dan Otero,Otero,3.56,25,5500,BOS@NYY,NYY,BOS,DTD,Undisclosed,,,0
47431-17037,P,Trevor,Trevor Rosenthal,Rosenthal,6,3,5500,CWS@KAN,KAN,CWS,,,,,
47431-82572,P,Gregory,Gregory Soto,Soto,10.66666667,3,5500,CIN@DET,DET,CIN,,,,,0
47431-82579,P,Rogelio,Rogelio Armenteros,Armenteros,18,5,5500,HOU@LAA,HOU,LAA,IL,Elbow,,,
47431-82587,P,Richard,Richard Lovelady,Lovelady,0,1,5500,CWS@KAN,KAN,CWS,,,,,
47431-109217,P,Phillip,Phillip Diehl,Diehl,2.8,10,5500,SDP@COL,COL,SDP,,,,,0
47431-82592,P,Dennis,Dennis Santana,Santana,17,2,5500,LOS@ARI,LOS,ARI,,,,,
47431-111268,P,Daniel,Daniel Camarena,Camarena,0,0,5500,SDP@COL,SDP,COL,,,,,0
47431-17065,P,Blake,Blake Treinen,Treinen,4,3,5500,LOS@ARI,LOS,ARI,,,,,
47431-80567,P,Nik,Nik Turley,Turley,1.5,2,5500,PIT@CHC,PIT,CHC,,,,,0
47431-80571,P,Phil,Phil Maton,Maton,4.466666667,30,5500,CLE@MIN,CLE,MIN,,,,,
47431-80570,P,Jimmy,Jimmy Yacabonis,Yacabonis,4.655172414,29,5500,SDP@COL,SDP,COL,,,,,0
47431-82618,P,David,David Peterson,Peterson,26,1,5500,NYM@ATL,NYM,ATL,,,,,0
47431-53953,P,Keone,Keone Kela,Kela,5.59375,32,5500,PIT@CHC,PIT,CHC,IL,Undisclosed,,,0
47431-17094,P,Jake,Jake Diekman,Diekman,6.666666667,3,5500,OAK@SEA,OAK,SEA,,,,,
47431-82633,P,Michel,Michel Baez,Baez,6.208333333,24,5500,SDP@COL,SDP,COL,,,,,0
47431-17100,P,Jeurys,Jeurys Familia,Familia,3.5,4,5500,NYM@ATL,NYM,ATL,,,,,0
47431-13011,P,Hector,Hector Noesi,Noesi,6.416666667,12,5500,PIT@CHC,PIT,CHC,DTD,Opt out,,,0
47431-17109,P,Oliver,Oliver Drake,Drake,4.666666667,3,5500,TAM@BAL,TAM,BAL,,,,,0
47431-21210,P,Mychal,Mychal Givens,Givens,9,2,5500,TAM@BAL,BAL,TAM,,,,,0
47431-17118,P,Robbie,Robbie Erlin,Erlin,8,2,5500,PIT@CHC,PIT,CHC,,,,,0
47431-13025,P,Pedro,Pedro Baez,Baez,4,4,5500,LOS@ARI,LOS,ARI,,,,,
47431-53990,P,Shawn,Shawn Armstrong,Armstrong,9,1,5500,TAM@BAL,BAL,TAM,,,,,0
47431-62196,P,Roberto,Roberto Osuna,Osuna,7,3,5500,HOU@LAA,HOU,LAA,,,,,
47431-84727,P,Drew,Drew Smith,Smith,6.666666667,3,5500,NYM@ATL,NYM,ATL,,,,,0
47431-84731,P,Evan,Evan Phillips,Phillips,3,1,5500,TAM@BAL,BAL,TAM,,,,,0
47431-84732,P,Robert,Robert Stock,Stock,4.7,10,5500,BOS@NYY,BOS,NYY,,,,,0
47431-13078,P,Brad,Brad Brach,Brach,4.644067797,59,5500,NYM@ATL,NYM,ATL,IL,Not injury related,,,0
47431-103223,P,David,David McKay,McKay,-5,1,5500,CIN@DET,DET,CIN,,,,,0
47431-13118,P,Justin,Justin Wilson,Wilson,3.75,4,5500,NYM@ATL,NYM,ATL,,,,,0
47431-82751,P,Joe,Joe Palumbo,Palumbo,9,1,5500,TEX@SFG,TEX,SFG,,,,,
47431-70482,P,J.B.,J.B. Wendelken,Wendelken,6.5,2,5500,OAK@SEA,OAK,SEA,,,,,
47431-11108,P,Aroldis,Aroldis Chapman,Chapman,6.7,60,5500,BOS@NYY,NYY,BOS,IL,Illness,,,0
47431-68465,P,Yoan,Yoan Lopez,Lopez,4.333333333,3,5500,LOS@ARI,ARI,LOS,,,,,
47431-54130,P,Ryan,Ryan Weber,Weber,-7,1,5500,BOS@NYY,BOS,NYY,,,,Yes,
47431-70517,P,Chad,Chad Green,Green,12,2,5500,BOS@NYY,NYY,BOS,,,,,0
47431-15225,P,Liam,Liam Hendriks,Hendriks,6.5,2,5500,OAK@SEA,OAK,SEA,,,,,
47431-68476,P,Taylor,Taylor Rogers,Rogers,9,1,5500,CLE@MIN,MIN,CLE,,,,,
47431-13183,P,Dellin,Dellin Betances,Betances,4,3,5500,NYM@ATL,NYM,ATL,,,,,0
47431-68484,P,Chad,Chad Kuhl,Kuhl,23,1,5500,PIT@CHC,PIT,CHC,,,,,0
47431-13192,P,Tony,Tony Watson,Watson,2,1,5500,TEX@SFG,SFG,TEX,,,,,
47431-23437,P,Brooks,Brooks Raley,Raley,4,3,5500,CIN@DET,CIN,DET,,,,,0
47431-68503,P,Ty,Ty Buttrey,Buttrey,1.333333333,3,5500,HOU@LAA,LAA,HOU,,,,,
47431-68507,P,Duane,Duane Underwood Jr.,Underwood Jr.,4.666666667,3,5500,PIT@CHC,CHC,PIT,,,,,0
47431-13213,P,Tim,Tim Collins,Collins,3.222222222,9,5500,SDP@COL,COL,SDP,DTD,Opt out,,,0
47431-68510,P,Amir,Amir Garrett,Garrett,7,3,5500,CIN@DET,CIN,DET,,,,,0
47431-80801,P,Hoby,Hoby Milner,Milner,1,3,5500,HOU@LAA,LAA,HOU,,,,,
47431-39843,P,Burch,Burch Smith,Smith,12,2,5500,OAK@SEA,OAK,SEA,,,,,
47431-52143,P,Hunter,Hunter Harvey,Harvey,7.857142857,7,5500,TAM@BAL,BAL,TAM,IL,Elbow,,,0
47431-52146,P,Carl,Carl Edwards Jr.,Edwards Jr.,4.666666667,3,5500,OAK@SEA,SEA,OAK,,,,,
47431-68530,P,Jarlin,Jarlin Garcia,Garcia,4.566037736,53,5500,TEX@SFG,SFG,TEX,IL,Undisclosed,,,
47431-70578,P,Cody,Cody Reed,Reed,0,2,5500,CIN@DET,CIN,DET,,,,,0
47431-52148,P,Pierce,Pierce Johnson,Johnson,8.5,2,5500,SDP@COL,SDP,COL,,,,,0
47431-68534,P,Stephen,Stephen Gonsalves,Gonsalves,0,0,5500,BOS@NYY,BOS,NYY,,,,,0
47431-52152,P,Robert,Robert Stephenson,Stephenson,-2,1,5500,CIN@DET,CIN,DET,IL,Back,,,0
47431-70585,P,Richard,Richard Bleier,Bleier,10.5,2,5500,TAM@BAL,BAL,TAM,,,,,0
47431-68541,P,Taylor,Taylor Williams,Williams,7,3,5500,OAK@SEA,SEA,OAK,,,,,
47431-68542,P,Robert,Robert Gsellman,Gsellman,5.461538462,52,5500,NYM@ATL,NYM,ATL,IL,Triceps,,,0
47431-68548,P,Edwin,Edwin Diaz,Diaz,5.333333333,3,5500,NYM@ATL,NYM,ATL,,,,,0
47431-68552,P,Sam,Sam Coonrod,Coonrod,2,4,5500,TEX@SFG,SFG,TEX,,,,,
47431-5069,P,Craig,Craig Stammen,Stammen,1.333333333,3,5500,SDP@COL,SDP,COL,,,,,0
47431-68556,P,Dillon,Dillon Tate,Tate,4.875,16,5500,TAM@BAL,BAL,TAM,IL,Forearm,,,0
47431-80849,P,Adam,Adam Kolarek,Kolarek,7.75,4,5500,LOS@ARI,LOS,ARI,,,,,
47431-5074,P,Tyler,Tyler Clippard,Clippard,5,3,5500,CLE@MIN,MIN,CLE,,,,,
47431-13271,P,Will,Will Smith,Smith,7.301587302,63,5500,NYM@ATL,ATL,NYM,IL,Illness,,,0
47431-52184,P,Matt,Matt Wisler,Wisler,12.5,2,5500,CLE@MIN,MIN,CLE,,,,,
47431-80856,P,Luke,Luke Farrell,Farrell,4,1,5500,TEX@SFG,TEX,SFG,,,,,
47431-82911,P,Adam,Adam Cimber,Cimber,2.666666667,3,5500,CLE@MIN,CLE,MIN,,,,,
47431-52191,P,Kyle,Kyle Crick,Crick,4.5,2,5500,PIT@CHC,PIT,CHC,IL,Shoulder,,,0
47431-52192,P,Luke,Luke Jackson,Jackson,8,3,5500,NYM@ATL,ATL,NYM,,,,,0
47431-70624,P,Chris,Chris Stratton,Stratton,2,3,5500,PIT@CHC,PIT,CHC,,,,,0
47431-70629,P,Jacob,Jacob Barnes,Barnes,2,3,5500,HOU@LAA,LAA,HOU,,,,,
47431-15336,P,Kelvin,Kelvin Herrera,Herrera,2,2,5500,CWS@KAN,CWS,KAN,,,,,0
47431-82923,P,Luke,Luke Bard,Bard,6,1,5500,HOU@LAA,LAA,HOU,,,,,
47431-82922,P,Tyler,Tyler Kinley,Kinley,9,1,5500,SDP@COL,COL,SDP,,,,,0
47431-82924,P,Tim,Tim Hill,Hill,5,3,5500,SDP@COL,SDP,COL,,,,,0
47431-68591,P,Anderson,Anderson Espinoza,Espinoza,0,0,5500,SDP@COL,SDP,COL,IL,Elbow,,,0
47431-68590,P,Javy,Javy Guerra,Guerra,4.666666667,3,5500,SDP@COL,SDP,COL,,,,,0
47431-68592,P,Francis,Francis Martes,Martes,0,0,5500,HOU@LAA,HOU,LAA,NA,Suspension,,,
47431-5107,P,Sergio,Sergio Romo,Romo,6,2,5500,CLE@MIN,MIN,CLE,,,,,
47431-13312,P,Ryan,Ryan Brasier,Brasier,-6,1,5500,BOS@NYY,BOS,NYY,,,,,0
47431-82975,P,Yefry,Yefry Ramirez,Ramirez,7.230769231,13,5500,NYM@ATL,NYM,ATL,,,,,0
47431-82976,P,Corey,Corey Oswalt,Oswalt,6,1,5500,NYM@ATL,NYM,ATL,,,,,0
47431-82986,P,Colten,Colten Brewer,Brewer,15,2,5500,BOS@NYY,BOS,NYY,,,,,0
47431-68653,P,Luis,Luis Cessa,Cessa,8.581395349,43,5500,BOS@NYY,NYY,BOS,IL,Not injury related,,,0
47431-68661,P,Joe,Joe Biagini,Biagini,2,1,5500,HOU@LAA,HOU,LAA,IL,Shoulder,,,
47431-82997,P,Gerson,Gerson Bautista,Bautista,1.875,8,5500,OAK@SEA,SEA,OAK,IL,Elbow,,,
47431-82999,P,Scott,Scott Barlow,Barlow,8,4,5500,CWS@KAN,KAN,CWS,,,,,
47431-68662,P,Luis,Luis Perdomo,Perdomo,4.5,2,5500,SDP@COL,SDP,COL,,,,,0
47431-82998,P,Lou,Lou Trivino,Trivino,1.5,2,5500,OAK@SEA,OAK,SEA,,,,,
47431-21565,P,Ryan,Ryan Buchter,Buchter,5.666666667,3,5500,HOU@LAA,LAA,HOU,,,,,
47431-11333,P,Craig,Craig Kimbrel,Kimbrel,-5,1,5500,PIT@CHC,CHC,PIT,,,,,0
47431-13383,P,Neil,Neil Ramirez,Ramirez,4.636363636,22,5500,HOU@LAA,LAA,HOU,,,,,
47431-72809,P,Austin,Austin Brice,Brice,3.666666667,3,5500,BOS@NYY,BOS,NYY,,,,,0
47431-5230,P,Joe,Joe Smith,Smith,4.714285714,28,5500,HOU@LAA,HOU,LAA,DTD,Personal,,,
47431-83054,P,Justin,Justin Anderson,Anderson,4.666666667,54,5500,HOU@LAA,LAA,HOU,IL,Elbow,,,
47431-38001,P,Matt,Matt Barnes,Barnes,5,3,5500,BOS@NYY,BOS,NYY,,,,,0
47431-38002,P,Kyle,Kyle Zimmer,Zimmer,9,2,5500,CWS@KAN,KAN,CWS,,,,,
47431-85107,P,James,James Norwood,Norwood,-1.333333333,3,5500,PIT@CHC,CHC,PIT,,,,,0
47431-83072,P,Trevor,Trevor Oaks,Oaks,0,0,5500,TEX@SFG,SFG,TEX,,,,,
47431-54403,P,Trevor,Trevor Gott,Gott,3,2,5500,TEX@SFG,SFG,TEX,,,,,
47431-13458,P,Nate,Nate Jones,Jones,4.5,2,5500,CIN@DET,CIN,DET,,,,,0
47431-38036,P,T.J.,T.J. McFarland,McFarland,2.666666667,3,5500,OAK@SEA,OAK,SEA,,,,,
47431-81044,P,Austin,Austin Adams,Adams,7.5,30,5500,OAK@SEA,SEA,OAK,IL,Knee,,,
47431-38041,P,Ryan,Ryan Pressly,Pressly,6.345454545,55,5500,HOU@LAA,HOU,LAA,DTD,Elbow,,,
47431-81052,P,Andrew,Andrew Kittredge,Kittredge,2,2,5500,TAM@BAL,TAM,BAL,,,,,0
47431-38051,P,Felipe,Felipe Vazquez,Vazquez,7.982142857,56,5500,PIT@CHC,PIT,CHC,DTD,Personal,,,0
47431-13479,P,Joe,Joe Kelly,Kelly,6,3,5500,LOS@ARI,LOS,ARI,,,,,
47431-21682,P,Aaron,Aaron Loup,Loup,8,2,5500,TAM@BAL,TAM,BAL,,,,,0
47431-38067,P,Matt,Matt Magill,Magill,6,2,5500,OAK@SEA,SEA,OAK,,,,,
47431-13512,P,Rex,Rex Brothers,Brothers,6.5,2,5500,PIT@CHC,CHC,PIT,,,,,0
47431-83145,P,Jose,Jose Castillo,Castillo,8,1,5500,SDP@COL,SDP,COL,IL,Lat,,,0
47431-83147,P,Brad,Brad Wieck,Wieck,3,1,5500,PIT@CHC,CHC,PIT,IL,Hamstring,,,0
47431-83146,P,Walker,Walker Lockett,Lockett,6.555555556,9,5500,NYM@ATL,NYM,ATL,IL,Back,,,0
47431-38096,P,David,David Hale,Hale,0.5,2,5500,BOS@NYY,NYY,BOS,,,,,0
47431-60627,P,Touki,Touki Toussaint,Toussaint,8,1,5500,NYM@ATL,ATL,NYM,,,,,0
47431-83154,P,Miguel,Miguel Del Pozo,Del Pozo,-6,1,5500,PIT@CHC,PIT,CHC,,,,,0
47431-83159,P,Diego,Diego Castillo,Castillo,15,1,5500,TAM@BAL,TAM,BAL,,,,,0
47431-38106,P,Kirby,Kirby Yates,Yates,4,2,5500,SDP@COL,SDP,COL,,,,,0
47431-83167,P,Tyler,Tyler Bashlor,Bashlor,3.125,24,5500,NYM@ATL,NYM,ATL,,,,,0
47431-83166,P,Zack,Zack Littell,Littell,0,2,5500,CLE@MIN,MIN,CLE,,,,,
47431-60640,P,Nick,Nick Burdi,Burdi,9,2,5500,PIT@CHC,PIT,CHC,,,,,0
47431-83169,P,Williams,Williams Jerez,Jerez,4.083333333,12,5500,PIT@CHC,PIT,CHC,,,,,0
47431-83172,P,Jonathan,Jonathan Hernandez,Hernandez,7,3,5500,TEX@SFG,TEX,SFG,,,,,
47431-83175,P,Sandy,Sandy Baez,Baez,0,1,5500,CIN@DET,DET,CIN,,,,,0
47431-136424,P,Jake,Jake Brentz,Brentz,0,0,5500,CWS@KAN,KAN,CWS,,,,,
47431-83181,P,Heath,Heath Fillmyer,Fillmyer,4.333333333,12,5500,CWS@KAN,KAN,CWS,,,,,
47431-79084,P,Tanner,Tanner Scott,Scott,2,1,5500,TAM@BAL,BAL,TAM,,,,,0
47431-70897,P,Edubray,Edubray Ramos,Ramos,2.85,20,5500,LOS@ARI,LOS,ARI,,,,,
47431-79088,P,Travis,Travis Lakins,Lakins,13,2,5500,TAM@BAL,BAL,TAM,,,,,0
47431-5362,P,Darren,Darren O'Day,O'Day,8.5,2,5500,NYM@ATL,ATL,NYM,,,,,0
47431-5370,P,Daniel,Daniel Bard,Bard,11,2,5500,SDP@COL,COL,SDP,,,,,0
47431-13564,P,Chaz,Chaz Roe,Roe,7.666666667,3,5500,TAM@BAL,TAM,BAL,,,,,0
47431-38144,P,Shane,Shane Greene,Greene,2.333333333,3,5500,NYM@ATL,ATL,NYM,,,,,0
47431-85255,P,Shaun,Shaun Anderson,Anderson,5.666666667,3,5500,TEX@SFG,SFG,TEX,,,,,
47431-72971,P,Ben,Ben Heller,Heller,0,1,5500,BOS@NYY,NYY,BOS,,,,,0
47431-79118,P,Triston,Triston McKenzie,McKenzie,0,0,5500,CLE@MIN,CLE,MIN,,,,,
47431-85265,P,Taylor,Taylor Widener,Widener,8,1,5500,LOS@ARI,ARI,LOS,,,,,
47431-79124,P,Joe,Joe Jimenez,Jimenez,3.75,4,5500,CIN@DET,DET,CIN,,,,,0
47431-79129,P,Kyle,Kyle Funkhouser,Funkhouser,-1.5,2,5500,CIN@DET,DET,CIN,,,,,0
47431-115993,P,Taylor,Taylor Guilbeau,Guilbeau,0,1,5500,OAK@SEA,SEA,OAK,,,,,
47431-85275,P,Cody,Cody Carroll,Carroll,-7,2,5500,TAM@BAL,BAL,TAM,,,,,0
47431-79135,P,Beau,Beau Burrows,Burrows,-2,1,5500,CIN@DET,DET,CIN,,,,,0
47431-85282,P,Brett,Brett Kennedy,Kennedy,0,0,5500,SDP@COL,SDP,COL,DTD,Lat,,,0
47431-79142,P,Foster,Foster Griffin,Griffin,14,1,5500,CWS@KAN,KAN,CWS,IL,Forearm,,,
47431-85286,P,Ian,Ian Gibaut,Gibaut,6.333333333,3,5500,TEX@SFG,TEX,SFG,,,,,
47431-85289,P,Nick,Nick Anderson,Anderson,7,2,5500,TAM@BAL,TAM,BAL,,,,,0
47431-85288,P,Brusdar,Brusdar Graterol,Graterol,4,4,5500,LOS@ARI,LOS,ARI,,,,,
47431-38191,P,Hansel,Hansel Robles,Robles,-0.333333333,3,5500,HOU@LAA,LAA,HOU,,,,,
47431-79150,P,Josh,Josh Staumont,Staumont,7,3,5500,CWS@KAN,KAN,CWS,,,,,
47431-13635,P,Brad,Brad Hand,Hand,2.333333333,3,5500,CLE@MIN,CLE,MIN,,,,,
47431-113986,P,Emmanuel,Emmanuel Clase,Clase,6.047619048,21,5500,CLE@MIN,CLE,MIN,NA,Suspension,,,
47431-38216,P,Jose,Jose Cisnero,Cisnero,6.75,4,5500,CIN@DET,DET,CIN,,,,,0
47431-38217,P,Tommy,Tommy Kahnle,Kahnle,12,1,5500,BOS@NYY,NYY,BOS,IL,Forearm,,,0
47431-79185,P,Justin,Justin Dunn,Dunn,9,1,5500,OAK@SEA,SEA,OAK,,,,,
47431-38228,P,Trevor,Trevor May,May,10.5,2,5500,CLE@MIN,MIN,CLE,,,,,
47431-21846,P,Chris,Chris Devenski,Devenski,4.5,2,5500,HOU@LAA,HOU,LAA,DTD,Arm,,,
47431-79191,P,Fernando,Fernando Romero,Romero,4.2,15,5500,CLE@MIN,MIN,CLE,DTD,Not injury related,,,
47431-79197,P,Chance,Chance Adams,Adams,6.076923077,13,5500,CWS@KAN,KAN,CWS,IL,Undisclosed,,,
47431-38240,P,Rafael,Rafael Montero,Montero,8.045454545,22,5500,TEX@SFG,TEX,SFG,IL,Elbow,,,
47431-118123,P,Blake,Blake Taylor,Taylor,9.666666667,3,5500,HOU@LAA,HOU,LAA,,,,,
47431-38251,P,Hunter,Hunter Strickland,Strickland,1.333333333,3,5500,NYM@ATL,NYM,ATL,,,,,0
47431-62827,P,Michael,Michael Feliz,Feliz,-0.5,2,5500,PIT@CHC,PIT,CHC,,,,,0
47431-79227,P,Adrian,Adrian Morejon,Morejon,4.8,5,5500,SDP@COL,SDP,COL,,,,,0
47431-71034,P,Seth,Seth Lugo,Lugo,10.33333333,3,5500,NYM@ATL,NYM,ATL,,,,,0
47431-79232,P,Clay,Clay Holmes,Holmes,7,1,5500,PIT@CHC,PIT,CHC,IL,Forearm,,,0
47431-79239,P,Andrew,Andrew Suarez,Suarez,5.428571429,21,5500,TEX@SFG,SFG,TEX,,,,,
47431-38287,P,Josh,Josh Osich,Osich,4.666666667,3,5500,BOS@NYY,BOS,NYY,,,,,0
47431-62871,P,Junior,Junior Guerra,Guerra,3.666666667,3,5500,LOS@ARI,ARI,LOS,,,,,
47431-38303,P,Andrew,Andrew Chafin,Chafin,0.5,4,5500,LOS@ARI,ARI,LOS,,,,,
47431-38304,P,Archie,Archie Bradley,Bradley,13,2,5500,LOS@ARI,ARI,LOS,,,,,
47431-118179,P,Philip,Philip Pfeifer,Pfeifer,0,0,5500,NYM@ATL,ATL,NYM,IL,Elbow,,,0
47431-79266,P,Brett,Brett Martin,Martin,5.607843137,51,5500,TEX@SFG,TEX,SFG,,,,,
47431-118183,P,Nivaldo,Nivaldo Rodriguez,Rodriguez,9,1,5500,HOU@LAA,HOU,LAA,,,,,
47431-118185,P,Matt,Matt Foster,Foster,0,0,5500,CWS@KAN,CWS,KAN,,,,,0
47431-118184,P,Enoli,Enoli Paredes,Paredes,2.666666667,3,5500,HOU@LAA,HOU,LAA,,,,,
47431-101803,P,Jacob,Jacob Webb,Webb,5.277777778,36,5500,NYM@ATL,ATL,NYM,IL,Shoulder,,,0
47431-118186,P,Jimmy,Jimmy Lambert,Lambert,6,2,5500,CWS@KAN,CWS,KAN,IL,Forearm,,,0
47431-118190,P,Ashton,Ashton Goudeau,Goudeau,0,0,5500,SDP@COL,COL,SDP,,,,,0
47431-101809,P,Josh,Josh Taylor,Taylor,5.615384615,52,5500,BOS@NYY,BOS,NYY,IL,Not injury related,,,0
47431-118195,P,Tejay,Tejay Antone,Antone,25,1,5500,CIN@DET,CIN,DET,,,,,0
47431-101813,P,Jean Carlos,Jean Carlos Mejia,Mejia,0,0,5500,CLE@MIN,CLE,MIN,,,,,
47431-101815,P,Jimmy,Jimmy Herget,Herget,2,5,5500,TEX@SFG,TEX,SFG,,,,,
47431-101814,P,Sam,Sam Hentges,Hentges,0,0,5500,CLE@MIN,CLE,MIN,,,,,
47431-101816,P,Bryan,Bryan Abreu,Abreu,5,2,5500,HOU@LAA,HOU,LAA,,,,,
47431-101819,P,Jose,Jose Suarez,Suarez,14.68421053,19,5500,HOU@LAA,LAA,HOU,IL,Undisclosed,,,
47431-118205,P,Anthony,Anthony Castro,Castro,0,1,5500,CIN@DET,DET,CIN,,,,,0
47431-101822,P,Josh,Josh Sborz,Sborz,3.428571429,7,5500,LOS@ARI,LOS,ARI,,,,,
47431-118208,P,Brooks,Brooks Kriske,Kriske,9,1,5500,BOS@NYY,NYY,BOS,,,,,0
47431-101834,P,Joe,Joe Harvey,Harvey,4.5,18,5500,SDP@COL,COL,SDP,,,,,0
47431-101838,P,JT,JT Brubaker,Brubaker,18,1,5500,PIT@CHC,PIT,CHC,,,,,0
47431-101851,P,Brock,Brock Burke,Burke,11.33333333,6,5500,TEX@SFG,TEX,SFG,IL,Shoulder,,,
47431-5599,P,Trevor,Trevor Cahill,Cahill,10.05263158,38,5500,TEX@SFG,SFG,TEX,DTD,Finger,,,
47431-85476,P,Jeffrey,Jeffrey Springs,Springs,-5,1,5500,BOS@NYY,BOS,NYY,,,,,0
47431-52717,P,Marcus,Marcus Walden,Walden,9,2,5500,BOS@NYY,BOS,NYY,,,,,0
47431-85489,P,Jimmy,Jimmy Cordero,Cordero,-0.666666667,3,5500,CWS@KAN,CWS,KAN,,,,,0
47431-52728,P,Michael,Michael Lorenzen,Lorenzen,0.666666667,3,5500,CIN@DET,CIN,DET,,,,,0
47431-95737,P,Ian,Ian Hamilton,Hamilton,3,1,5500,CWS@KAN,CWS,KAN,,,,,0
47431-52733,P,Scott,Scott Alexander,Alexander,5.5,2,5500,LOS@ARI,LOS,ARI,,,,,
47431-85517,P,Trey,Trey Wingenter,Wingenter,5.470588235,51,5500,SDP@COL,SDP,COL,IL,Elbow,,,0
47431-95756,P,Rowan,Rowan Wick,Wick,2,1,5500,PIT@CHC,CHC,PIT,,,,,0
47431-71190,P,Jose,Jose Leclerc,Leclerc,6,2,5500,TEX@SFG,TEX,SFG,IL,Shoulder,,,
47431-101913,P,Brandon,Brandon Brennan,Brennan,1,1,5500,OAK@SEA,SEA,OAK,IL,Oblique,,,
47431-5658,P,Joakim,Joakim Soria,Soria,6,3,5500,OAK@SEA,OAK,SEA,,,,,
47431-85530,P,Jacob,Jacob Nix,Nix,0,0,5500,SDP@COL,SDP,COL,,,,,0
47431-136734,P,Cam,Cam Hill,Hill,7.5,2,5500,CLE@MIN,CLE,MIN,,,,,
47431-5673,P,Jesse,Jesse Chavez,Chavez,4,3,5500,TEX@SFG,TEX,SFG,,,,,
47431-5683,P,Oliver,Oliver Perez,Perez,9,1,5500,CLE@MIN,CLE,MIN,,,,,
47431-71218,P,Dylan,Dylan Floro,Floro,5.666666667,3,5500,LOS@ARI,LOS,ARI,,,,,
47431-85582,P,Chad,Chad Sobotka,Sobotka,4.40625,32,5500,NYM@ATL,ATL,NYM,,,,,0
47431-85594,P,Jake,Jake Newberry,Newberry,5.5,2,5500,CWS@KAN,KAN,CWS,,,,,
47431-81507,P,Aaron,Aaron Bummer,Bummer,8.333333333,3,5500,CWS@KAN,CWS,KAN,,,,,0
47431-5743,P,Yusmeiro,Yusmeiro Petit,Petit,5.75,4,5500,OAK@SEA,OAK,SEA,,,,,
47431-118393,P,Stephen,Stephen Woods Jr.,Woods Jr.,0,0,5500,CWS@KAN,KAN,CWS,,,,,
47431-52857,P,Kyle,Kyle Ryan,Ryan,5.5,2,5500,PIT@CHC,CHC,PIT,,,,,0
47431-118392,P,Rony,Rony Garcia,Garcia,12,1,5500,CIN@DET,DET,CIN,,,,,0
47431-118395,P,Dany,Dany Jimenez,Jimenez,2,2,5500,TEX@SFG,SFG,TEX,,,,,
47431-118394,P,Yohan,Yohan Ramirez,Ramirez,10.5,2,5500,OAK@SEA,SEA,OAK,,,,,
47431-52877,P,Dominic,Dominic Leone,Leone,6,2,5500,CLE@MIN,CLE,MIN,,,,,
47431-112275,P,Conner,Conner Menez,Menez,7.5,2,5500,TEX@SFG,SFG,TEX,,,,,
47431-52887,P,Tyler,Tyler Matzek,Matzek,7.5,2,5500,NYM@ATL,ATL,NYM,,,,,0
47431-5784,P,David,David Price,Price,28.68181818,22,5500,LOS@ARI,LOS,ARI,DTD,Opt out,,,
47431-13992,P,Luis,Luis Avilan,Avilan,3.5,2,5500,BOS@NYY,NYY,BOS,,,,,0
47431-114356,P,Kevin,Kevin Ginkel,Ginkel,1.666666667,3,5500,LOS@ARI,ARI,LOS,,,,,
47431-38596,P,Chris,Chris Martin,Martin,4.5,2,5500,NYM@ATL,ATL,NYM,,,,,0
47431-81620,P,Aaron,Aaron Slegers,Slegers,6,1,5500,TAM@BAL,TAM,BAL,,,,,0
47431-112348,P,Cody,Cody Stashak,Stashak,10.5,2,5500,CLE@MIN,MIN,CLE,,,,,
47431-14049,P,Bryan,Bryan Shaw,Shaw,3,2,5500,OAK@SEA,SEA,OAK,,,,,
47431-81641,P,John,John Curtiss,Curtiss,7,1,5500,TAM@BAL,TAM,BAL,,,,,0
47431-81642,P,A.J.,A.J. Minter,Minter,6.666666667,3,5500,NYM@ATL,ATL,NYM,,,,,0
47431-5885,P,Jhoulys,Jhoulys Chacin,Chacin,20,1,5500,NYM@ATL,ATL,NYM,,,,,0
47431-52994,P,Casey,Casey Sadler,Sadler,5,2,5500,PIT@CHC,CHC,PIT,,,,,0
47431-5911,P,Ross,Ross Detwiler,Detwiler,9,3,5500,CWS@KAN,CWS,KAN,,,,,0
47431-53021,P,Nick,Nick Wittgren,Wittgren,5,3,5500,CLE@MIN,CLE,MIN,,,,,
47431-53045,P,Scott,Scott Oberg,Oberg,6.857142857,49,5500,SDP@COL,COL,SDP,IL,Back,,,0
47431-53048,P,Cam,Cam Bedrosian,Bedrosian,4.5,2,5500,HOU@LAA,LAA,HOU,,,,,
47431-14143,P,Jared,Jared Hughes,Hughes,4.305555556,72,5500,NYM@ATL,NYM,ATL,IL,Not injury related,,,0
47431-116548,P,Tyler,Tyler Rogers,Rogers,-0.6,5,5500,TEX@SFG,SFG,TEX,,,,,
47431-104293,P,Nick,Nick Ramirez,Ramirez,8.326086957,46,5500,CIN@DET,DET,CIN,,,,,0
47431-108421,P,Phillips,Phillips Valdez,Valdez,9,2,5500,BOS@NYY,BOS,NYY,,,,,0
47431-112540,P,Jeremy,Jeremy Walker,Walker,6.666666667,6,5500,NYM@ATL,ATL,NYM,IL,Shoulder,,,0
47431-8101,P,Ian,Ian Kennedy,Kennedy,7.333333333,3,5500,CWS@KAN,KAN,CWS,,,,,
47431-6054,P,Mark,Mark Melancon,Melancon,4.5,2,5500,NYM@ATL,ATL,NYM,,,,,0
47431-108461,P,Pete,Pete Fairbanks,Fairbanks,11.5,2,5500,TAM@BAL,TAM,BAL,,,,,0
47431-102335,P,Cristian,Cristian Javier,Javier,22,2,5500,HOU@LAA,HOU,LAA,,,,,
47431-104387,P,Parker,Parker Markel,Markel,4.05,20,5500,HOU@LAA,LAA,HOU,DTD,Undisclosed,,,
47431-12257,P,Adam,Adam Ottavino,Ottavino,3,2,5500,BOS@NYY,NYY,BOS,,,,,0
47431-110564,P,Chris,Chris Mazza,Mazza,6.444444444,9,5500,BOS@NYY,BOS,NYY,,,,,0
47431-79848,P,Paul,Paul Sewald,Sewald,4,2,5500,NYM@ATL,NYM,ATL,,,,,0
47431-81912,P,Dillon,Dillon Maples,Maples,0,2,5500,PIT@CHC,CHC,PIT,,,,,0
47431-81917,P,Dillon,Dillon Peters,Peters,16.94117647,17,5500,HOU@LAA,LAA,HOU,IL,Oblique,,,
47431-12933,OF,Mike,Mike Trout,Trout,10.93333308,6,4500,HOU@LAA,LAA,HOU,IL,Not injury related,,,
47431-79159,OF,Cody,Cody Bellinger,Bellinger,6.228571211,7,4400,LOS@ARI,LOS,ARI,,,,,
47431-52158,SS,Trevor,Trevor Story,Story,17.3,5,4300,SDP@COL,COL,SDP,,,,,2
47431-60643,OF,Aaron,Aaron Judge,Judge,16.43999939,5,4200,BOS@NYY,NYY,BOS,,,,,2
47431-39151,OF,Mookie,Mookie Betts,Betts,9.328571865,7,4100,LOS@ARI,LOS,ARI,,,,,
47431-13719,3B,Nolan,Nolan Arenado,Arenado,6.179999924,5,4100,SDP@COL,COL,SDP,,,,,4
47431-79393,SS,Fernando,Fernando Tatis Jr.,Tatis Jr.,16.95714242,7,4100,SDP@COL,SDP,COL,,,,,1
47431-68522,3B,Alex,Alex Bregman,Bregman,11.55000051,6,4000,HOU@LAA,HOU,LAA,,,,,
47431-13229,OF,Charlie,Charlie Blackmon,Blackmon,6.819999695,5,4000,SDP@COL,COL,SDP,,,,,3
47431-11334,1B,Freddie,Freddie Freeman,Freeman,11.57142857,7,4000,NYM@ATL,ATL,NYM,,,,,3
47431-13540,OF,J.D.,J.D. Martinez,Martinez,9.328571865,7,4000,BOS@NYY,BOS,NYY,,,,,2
47431-5763,OF,Nelson,Nelson Cruz,Cruz,20.65000025,6,4000,CLE@MIN,MIN,CLE,,,,,
47431-12302,OF,Giancarlo,Giancarlo Stanton,Stanton,18.76000061,5,3900,BOS@NYY,NYY,BOS,,,,,4
47431-16951,3B,Anthony,Anthony Rendon,Rendon,15.59999975,3,3900,HOU@LAA,LAA,HOU,,,,,
47431-12940,1B,Anthony,Anthony Rizzo,Rizzo,16.48333359,6,3900,PIT@CHC,CHC,PIT,,,,,2
47431-52153,OF,David,David Dahl,Dahl,9.340000153,5,3900,SDP@COL,COL,SDP,,,,,1
47431-79756,OF,Ronald,Ronald Acuna Jr.,Acuna Jr.,5.685714177,7,3900,NYM@ATL,ATL,NYM,,,,,1
47431-38976,3B,Jose,Jose Ramirez,Ramirez,15.52857099,7,3800,CLE@MIN,CLE,MIN,,,,,
47431-14562,2B,Jose,Jose Altuve,Altuve,12.98333359,6,3800,HOU@LAA,HOU,LAA,,,,,
47431-82614,1B,Pete,Pete Alonso,Alonso,7.914285932,7,3800,NYM@ATL,NYM,ATL,,,,,3
47431-13487,OF,Tommy,Tommy Pham,Pham,12.78571429,7,3800,SDP@COL,SDP,COL,,,,,4
47431-38321,OF,Joey,Joey Gallo,Gallo,13.08000031,5,3800,TEX@SFG,TEX,SFG,,,,,
47431-13929,3B,Manny,Manny Machado,Machado,11.97142901,7,3800,SDP@COL,SDP,COL,,,,,3
47431-16983,OF,George,George Springer,Springer,5.116666794,6,3700,HOU@LAA,HOU,LAA,DTD,Knee,,,
47431-68544,3B,Matt,Matt Chapman,Chapman,9.816666921,6,3700,OAK@SEA,OAK,SEA,,,,,
47431-52176,1B,Max,Max Muncy,Muncy,15.45714242,7,3700,LOS@ARI,LOS,ARI,,,,,
47431-37982,SS,Xander,Xander Bogaerts,Bogaerts,7.299999782,7,3700,BOS@NYY,BOS,NYY,,,,,4
47431-13423,OF,Starling,Starling Marte,Marte,11.30000051,6,3700,LOS@ARI,ARI,LOS,,,,,
47431-13567,2B,DJ,DJ LeMahieu,LeMahieu,13.27499962,4,3700,BOS@NYY,NYY,BOS,,,,,1
47431-61553,3B,Yoan,Yoan Moncada,Moncada,12.48000031,5,3600,CWS@KAN,CWS,KAN,,,,,2
47431-23107,OF,Jorge,Jorge Soler,Soler,11.47142901,7,3600,CWS@KAN,KAN,CWS,,,,,
47431-17086,OF,Marcell,Marcell Ozuna,Ozuna,14.14285714,7,3600,NYM@ATL,ATL,NYM,,,,,4
47431-52175,1B,Matt,Matt Olson,Olson,11.01666641,6,3600,OAK@SEA,OAK,SEA,,,,,
47431-68587,2B,Ozzie,Ozzie Albies,Albies,9.471429007,7,3600,NYM@ATL,ATL,NYM,DTD,Wrist,,,0
47431-21885,SS,Javier,Javier Baez,Baez,12.46666718,6,3600,PIT@CHC,CHC,PIT,,,,,3
47431-12928,1B,Eric,Eric Hosmer,Hosmer,22.30000051,3,3500,SDP@COL,SDP,COL,DTD,Illness,,,0
47431-12931,OF,Wil,Wil Myers,Myers,14.21428571,7,3500,SDP@COL,SDP,COL,,,,,6
47431-82575,OF,Yordan,Yordan Alvarez,Alvarez,14.20229857,87,3500,HOU@LAA,HOU,LAA,IL,Undisclosed,,,
47431-68514,2B,Ryan,Ryan McMahon,McMahon,6.880000305,5,3500,SDP@COL,COL,SDP,,,,,6
47431-70562,OF,Whit,Whit Merrifield,Merrifield,16.55714308,7,3500,CWS@KAN,KAN,CWS,,,,,
47431-52180,OF,Austin,Austin Meadows,Meadows,12.46449258,138,3500,TAM@BAL,TAM,BAL,IL,Not injury related,,,0
47431-68585,3B,Rafael,Rafael Devers,Devers,6.571428571,7,3500,BOS@NYY,BOS,NYY,,,,,3
47431-68588,SS,Gleyber,Gleyber Torres,Torres,8.080000305,5,3500,BOS@NYY,NYY,BOS,,,,,3
47431-21705,SS,Marcus,Marcus Semien,Semien,5.633333206,6,3500,OAK@SEA,OAK,SEA,,,,,
47431-21853,2B,Ketel,Ketel Marte,Marte,8.771428789,7,3500,LOS@ARI,ARI,LOS,,,,,
47431-6273,OF,Michael,Michael Brantley,Brantley,16.66666667,6,3400,HOU@LAA,HOU,LAA,,,,,
47431-52147,3B,Kris,Kris Bryant,Bryant,5.679999924,5,3400,PIT@CHC,CHC,PIT,,,,,1
47431-11322,2B,Mike,Mike Moustakas,Moustakas,23.19999949,3,3400,CIN@DET,CIN,DET,,,,,4
47431-83155,OF,Ramon,Ramon Laureano,Laureano,12.94999949,6,3400,OAK@SEA,OAK,SEA,,,,,
47431-79093,OF,Eloy,Eloy Jimenez,Jimenez,10.10000038,4,3400,CWS@KAN,CWS,KAN,,,,,5
47431-5488,1B,Joey,Joey Votto,Votto,15.11666616,6,3400,CIN@DET,CIN,DET,,,,,2
47431-21874,SS,Jorge,Jorge Polanco,Polanco,10,6,3400,CLE@MIN,MIN,CLE,,,,,
47431-38614,SS,Carlos,Carlos Correa,Correa,12.98333359,6,3400,HOU@LAA,HOU,LAA,,,,,
47431-6312,3B,Justin,Justin Turner,Turner,12.08571407,7,3300,LOS@ARI,LOS,ARI,,,,,
47431-16952,SS,Francisco,Francisco Lindor,Lindor,10.79999978,7,3300,CLE@MIN,CLE,MIN,,,,,
47431-5094,1B,Daniel,Daniel Murphy,Murphy,6.175000191,4,3300,SDP@COL,COL,SDP,,,,,5
47431-13342,OF,Nick,Nick Castellanos,Castellanos,17.33333333,6,3300,CIN@DET,CIN,DET,,,,,5
47431-79175,OF,Trent,Trent Grisham,Grisham,15.55714308,7,3300,SDP@COL,SDP,COL,,,,,2
47431-85504,2B,Brandon,Brandon Lowe,Lowe,12.04285758,7,3300,TAM@BAL,TAM,BAL,,,,,2
47431-38412,SS,Corey,Corey Seager,Seager,14.24285671,7,3300,LOS@ARI,LOS,ARI,,,,,
47431-82440,OF,Shohei,Shohei Ohtani,Ohtani,11.65000025,6,3200,HOU@LAA,LAA,HOU,,,,,
47431-53994,1B,Josh,Josh Bell,Bell,5.21666654,6,3200,PIT@CHC,PIT,CHC,,,,,3
47431-68586,SS,Dansby,Dansby Swanson,Swanson,15.35714286,7,3200,NYM@ATL,ATL,NYM,,,,,2
47431-38040,OF,Eddie,Eddie Rosario,Rosario,9.916666667,6,3200,CLE@MIN,MIN,CLE,,,,,
47431-21887,C,Willson,Willson Contreras,Contreras,12.55999985,5,3200,PIT@CHC,CHC,PIT,,,,,5
47431-79234,OF,Kyle,Kyle Lewis,Lewis,15.21428571,7,3200,OAK@SEA,SEA,OAK,,,,,
47431-13966,3B,Kyle,Kyle Seager,Seager,12.97142901,7,3200,OAK@SEA,SEA,OAK,,,,,
47431-49523,1B,Jose,Jose Abreu,Abreu,10.38333321,6,3100,CWS@KAN,CWS,KAN,,,,,3
47431-16945,C,Gary,Gary Sanchez,Sanchez,0.6,5,3100,BOS@NYY,NYY,BOS,,,,,0
47431-82563,2B,Garrett,Garrett Hampson,Hampson,10.94999981,2,3100,SDP@COL,COL,SDP,,,,,0
47431-54068,OF,Hunter,Hunter Renfroe,Renfroe,9.542857579,7,3100,TAM@BAL,TAM,BAL,,,,,6
47431-21633,3B,Eugenio,Eugenio Suarez,Suarez,6.733333588,6,3100,CIN@DET,CIN,DET,,,,,3
47431-60631,OF,Kyle,Kyle Schwarber,Schwarber,9.349999746,6,3100,PIT@CHC,CHC,PIT,,,,,4
47431-60642,OF,Michael,Michael Conforto,Conforto,9.200000218,7,3100,NYM@ATL,NYM,ATL,,,,,5
47431-60672,SS,Tim,Tim Anderson,Anderson,11.81666692,6,3100,CWS@KAN,CWS,KAN,,,,,1
47431-79156,SS,David,David Fletcher,Fletcher,10.12857165,7,3100,HOU@LAA,LAA,HOU,,,,,
47431-13864,OF,Joc,Joc Pederson,Pederson,8.399999619,4,3100,LOS@ARI,LOS,ARI,,,,,
47431-12310,1B,Carlos,Carlos Santana,Santana,9.685714722,7,3000,CLE@MIN,CLE,MIN,,,,,
47431-73875,OF,Jose,Jose Martinez,Martinez,10.46666654,6,3000,TAM@BAL,TAM,BAL,,,,,0
47431-17145,2B,Greg,Greg Garcia,Garcia,7.080000305,5,3000,SDP@COL,SDP,COL,,,,,0
47431-82734,OF,Luis,Luis Robert,Robert,10.90000025,6,3000,CWS@KAN,CWS,KAN,,,,,6
47431-52168,3B,Colin,Colin Moran,Moran,14.53333282,6,3000,PIT@CHC,PIT,CHC,,,,,4
47431-13262,2B,Jurickson,Jurickson Profar,Profar,12.41666667,6,3000,SDP@COL,SDP,COL,,,,,5
47431-52178,3B,Maikel,Maikel Franco,Franco,12.15714264,7,3000,CWS@KAN,KAN,CWS,,,,,
47431-5222,OF,Shin-Soo,Shin-Soo Choo,Choo,2.5,5,3000,TEX@SFG,TEX,SFG,,,,,
47431-79092,OF,Ian,Ian Happ,Happ,11.01666641,6,3000,PIT@CHC,CHC,PIT,,,,,9
47431-79113,C,Francisco,Francisco Mejia,Mejia,2.479999924,5,3000,SDP@COL,SDP,COL,,,,,0
47431-85307,3B,Jeff,Jeff McNeil,McNeil,9.871428353,7,3000,NYM@ATL,NYM,ATL,,,,,0
47431-21875,OF,Max,Max Kepler,Kepler,10.01999969,5,3000,CLE@MIN,MIN,CLE,,,,,
47431-38299,OF,Kevin,Kevin Pillar,Pillar,15.06000061,5,3000,BOS@NYY,BOS,NYY,,,,,1
47431-101811,OF,Sam,Sam Hilliard,Hilliard,9.300000191,4,3000,SDP@COL,COL,SDP,,,,,7
47431-5562,1B,Edwin,Edwin Encarnacion,Encarnacion,5.640000153,5,3000,CWS@KAN,CWS,KAN,,,,,0
47431-118210,SS,Jake,Jake Cronenworth,Cronenworth,7.849999905,2,3000,SDP@COL,SDP,COL,,,,,9
47431-101841,OF,Edward,Edward Olivares,Olivares,6.880000305,5,3000,SDP@COL,SDP,COL,,,,,0
47431-53033,OF,Mike,Mike Yastrzemski,Yastrzemski,16.72857121,7,3000,TEX@SFG,SFG,TEX,,,,,
47431-6197,OF,Justin,Justin Upton,Upton,7.628571647,7,2900,HOU@LAA,LAA,HOU,,,,,
47431-16964,OF,Yoenis,Yoenis Cespedes,Cespedes,9.266666412,6,2900,NYM@ATL,NYM,ATL,,,,,6
47431-13239,3B,Eduardo,Eduardo Escobar,Escobar,5.799999782,7,2900,LOS@ARI,ARI,LOS,,,,,
47431-13266,C,Salvador,Salvador Perez,Perez,8.942856925,7,2900,CWS@KAN,KAN,CWS,,,,,
47431-68589,SS,Amed,Amed Rosario,Rosario,7.349999746,6,2900,NYM@ATL,NYM,ATL,,,,,1
47431-13378,2B,Leury,Leury Garcia,Garcia,9.933333079,6,2900,CWS@KAN,CWS,KAN,,,,,0
47431-21584,2B,Rougned,Rougned Odor,Odor,9.280000305,5,2900,TEX@SFG,TEX,SFG,,,,,
47431-21666,OF,Mark,Mark Canha,Canha,10.78000031,5,2900,OAK@SEA,OAK,SEA,,,,,
47431-13858,C,Christian,Christian Vazquez,Vazquez,22,5,2900,BOS@NYY,BOS,NYY,,,,,5
47431-13894,OF,Aaron,Aaron Hicks,Hicks,9.319999695,5,2900,BOS@NYY,NYY,BOS,,,,,5
47431-12113,3B,Josh,Josh Donaldson,Donaldson,7.766666412,6,2900,CLE@MIN,MIN,CLE,,,,,
47431-71507,1B,Yuli,Yuli Gurriel,Gurriel,9.266666412,6,2900,HOU@LAA,HOU,LAA,,,,,
47431-79884,OF,Anthony,Anthony Santander,Santander,11.35999985,5,2800,TAM@BAL,BAL,TAM,,,,,4
47431-38965,1B,C.J.,C.J. Cron,Cron,10.65714264,7,2800,CIN@DET,DET,CIN,,,,,4
47431-16950,1B,Miguel,Miguel Sano,Sano,2.479999924,5,2800,CLE@MIN,MIN,CLE,,,,,
47431-12970,OF,A.J.,A.J. Pollock,Pollock,12.91999969,5,2800,LOS@ARI,LOS,ARI,,,,,
47431-13102,SS,Freddy,Freddy Galvis,Galvis,13.58333333,6,2800,CIN@DET,CIN,DET,,,,,8
47431-17198,2B,Tommy,Tommy La Stella,La Stella,7.066666921,6,2800,HOU@LAA,LAA,HOU,,,,,
47431-52161,3B,Rio,Rio Ruiz,Ruiz,17.27499962,4,2800,TAM@BAL,BAL,TAM,,,,,6
47431-80838,1B,Luke,Luke Voit,Voit,13.47500038,4,2800,BOS@NYY,NYY,BOS,,,,,6
47431-52179,SS,J.P.,J.P. Crawford,Crawford,15.91428593,7,2800,OAK@SEA,SEA,OAK,,,,,
47431-13303,C,Yasmani,Yasmani Grandal,Grandal,5.5,4,2800,CWS@KAN,CWS,KAN,,,,,4
47431-5292,OF,Matt,Matt Kemp,Kemp,4.166666667,3,2800,SDP@COL,COL,SDP,,,,,0
47431-79120,3B,Yandy,Yandy Diaz,Diaz,6.066666921,6,2800,TAM@BAL,TAM,BAL,,,,,5
47431-79125,OF,Kyle,Kyle Tucker,Tucker,8.059999847,5,2800,HOU@LAA,HOU,LAA,,,,,
47431-13792,2B,Kike,Kike Hernandez,Hernandez,10.41428593,7,2800,LOS@ARI,LOS,ARI,,,,,
47431-118408,OF,Yoshi,Yoshi Tsutsugo,Tsutsugo,8.585714068,7,2800,TAM@BAL,TAM,BAL,,,,,4
47431-79847,1B,Jose,Jose Osuna,Osuna,11.73333359,3,2800,PIT@CHC,PIT,CHC,,,,,0
47431-12462,1B,Mitch,Mitch Moreland,Moreland,15.77499962,4,2700,BOS@NYY,BOS,NYY,DTD,Leg,,,0
47431-53725,1B,Renato,Renato Nunez,Nunez,8.819999695,5,2700,TAM@BAL,BAL,TAM,,,,,3
47431-16947,2B,Jonathan,Jonathan Schoop,Schoop,12.61428615,7,2700,CIN@DET,DET,CIN,,,,,2
47431-12900,1B,Brandon,Brandon Belt,Belt,9,1,2700,TEX@SFG,SFG,TEX,,,,,
47431-12919,SS,Jose,Jose Iglesias,Iglesias,13.22500038,4,2700,TAM@BAL,BAL,TAM,DTD,Quadriceps,,,0
47431-82620,OF,Nick,Nick Solak,Solak,7.75,4,2700,TEX@SFG,TEX,SFG,,,,,
47431-17171,C,James,James McCann,McCann,25.04999924,2,2700,CWS@KAN,CWS,KAN,,,,,7
47431-52164,SS,Adalberto,Adalberto Mondesi,Mondesi,5.228571211,7,2700,CWS@KAN,KAN,CWS,,,,,
47431-13354,2B,Cesar,Cesar Hernandez,Hernandez,8.21666654,6,2700,CLE@MIN,CLE,MIN,,,,,
47431-83164,OF,Jake,Jake Cave,Cave,17.13333384,3,2700,CLE@MIN,MIN,CLE,,,,,
47431-38112,3B,Gio,Gio Urshela,Urshela,6.759999847,5,2700,BOS@NYY,NYY,BOS,,,,,7
47431-5359,SS,Elvis,Elvis Andrus,Andrus,6.840000153,5,2700,TEX@SFG,TEX,SFG,,,,,
47431-79108,OF,Nick,Nick Senzel,Senzel,13.46666718,3,2700,CIN@DET,CIN,DET,,,,,7
47431-13851,OF,Danny,Danny Santana,Santana,2.299999952,4,2700,TEX@SFG,TEX,SFG,,,,,
47431-13924,OF,Kole,Kole Calhoun,Calhoun,5.67142868,7,2700,LOS@ARI,ARI,LOS,,,,,
47431-14038,OF,Khris,Khris Davis,Davis,2.299999952,4,2700,OAK@SEA,OAK,SEA,,,,,
47431-81924,SS,Niko,Niko Goodrum,Goodrum,7.485714504,7,2600,CIN@DET,DET,CIN,,,,,1
47431-73832,SS,Joey,Joey Wendle,Wendle,8.299999873,6,2600,TAM@BAL,TAM,BAL,,,,,0
47431-53586,OF,David,David Peralta,Peralta,5.842857361,7,2600,LOS@ARI,ARI,LOS,,,,,
47431-12863,3B,Todd,Todd Frazier,Frazier,9.180000305,5,2600,TEX@SFG,TEX,SFG,,,,,
47431-68470,OF,JaCoby,JaCoby Jones,Jones,15.17142814,7,2600,CIN@DET,DET,CIN,,,,,9
47431-68495,OF,Andrew,Andrew Benintendi,Benintendi,6.100000109,7,2600,BOS@NYY,BOS,NYY,,,,,0
47431-68525,OF,J.D.,J.D. Davis,Davis,8.014285496,7,2600,NYM@ATL,NYM,ATL,,,,,4
47431-68533,OF,Brett,Brett Phillips,Phillips,10.6,5,2600,CWS@KAN,KAN,CWS,,,,,
47431-52162,OF,Hunter,Hunter Dozier,Dozier,11.07194245,139,2600,CWS@KAN,KAN,CWS,IL,Illness,,,
47431-52187,1B,Ji-Man,Ji-Man Choi,Choi,9.433333079,6,2600,TAM@BAL,TAM,BAL,,,,,1
47431-79195,3B,Miguel,Miguel Andujar,Andujar,1.5,2,2600,BOS@NYY,NYY,BOS,,,,,0
47431-38247,2B,Hanser,Hanser Alberto,Alberto,13.06000061,5,2600,TAM@BAL,BAL,TAM,,,,,2
47431-13694,OF,Marwin,Marwin Gonzalez,Gonzalez,11.23333359,3,2600,CLE@MIN,MIN,CLE,,,,,
47431-13799,1B,Matt,Matt Adams,Adams,6.900000254,6,2600,NYM@ATL,ATL,NYM,,,,,5
47431-79401,C,Will,Will Smith,Smith,7.540000153,5,2600,LOS@ARI,LOS,ARI,,,,,
47431-112379,OF,Tim,Tim Lopes,Lopes,13.33333333,6,2600,OAK@SEA,SEA,OAK,,,,,
47431-5948,OF,Brett,Brett Gardner,Gardner,0.75,4,2600,BOS@NYY,NYY,BOS,,,,,8
47431-81953,OF,Austin,Austin Hays,Hays,8.019999695,5,2500,TAM@BAL,BAL,TAM,,,,,1
47431-135287,2B,Bret,Bret Boswell,Boswell,0,0,2500,SDP@COL,COL,SDP,,,,,0
47431-135288,SS,Alan,Alan Trejo,Trejo,0,0,2500,SDP@COL,COL,SDP,,,,,0
47431-116870,SS,Seth,Seth Mejias-Brean,Mejias-Brean,5.792857034,14,2500,SDP@COL,SDP,COL,,,,,0
47431-135307,C,Webster,Webster Rivas,Rivas,0,0,2500,SDP@COL,SDP,COL,,,,,0
47431-135305,3B,Tucupita,Tucupita Marcano,Marcano,0,0,2500,SDP@COL,SDP,COL,,,,,0
47431-135308,OF,Robert,Robert Hassell III,Hassell III,0,0,2500,SDP@COL,SDP,COL,,,,,0
47431-119410,SS,CJ,CJ Abrams,Abrams,0,0,2500,SDP@COL,SDP,COL,,,,,0
47431-17012,C,Curt,Curt Casali,Casali,10.48000031,5,2500,CIN@DET,CIN,DET,,,,,0
47431-82551,2B,Shed,Shed Long Jr.,Long Jr.,12,7,2500,OAK@SEA,SEA,OAK,,,,,
47431-17097,OF,Brandon,Brandon Nimmo,Nimmo,10.61428615,7,2500,NYM@ATL,NYM,ATL,,,,,2
47431-82637,1B,Evan,Evan White,White,6.700000218,7,2500,OAK@SEA,SEA,OAK,,,,,
47431-82824,1B,Mike,Mike Ford,Ford,6.349999905,2,2500,BOS@NYY,NYY,BOS,,,,,0
47431-52150,OF,Clint,Clint Frazier,Frazier,9.017391481,69,2500,BOS@NYY,NYY,BOS,,,,,0
47431-52170,OF,Dominic,Dominic Smith,Smith,11.90000025,3,2500,NYM@ATL,NYM,ATL,,,,,0
47431-52197,OF,Brian,Brian Goodwin,Goodwin,13.16000061,5,2500,HOU@LAA,LAA,HOU,,,,,
47431-17382,OF,Gregory,Gregory Polanco,Polanco,1,3,2500,PIT@CHC,PIT,CHC,,,,,6
47431-68593,2B,Jorge,Jorge Mateo,Mateo,0,0,2500,SDP@COL,SDP,COL,IL,Illness,,,0
47431-5118,1B,Miguel,Miguel Cabrera,Cabrera,10.65714264,7,2500,CIN@DET,DET,CIN,,,,,3
47431-54307,C,Elias,Elias Diaz,Diaz,5.457425863,101,2500,SDP@COL,COL,SDP,,,,,0
47431-11311,C,Drew,Drew Butera,Butera,3,1,2500,SDP@COL,COL,SDP,,,,,0
47431-5177,1B,Albert,Albert Pujols,Pujols,7.419999695,5,2500,HOU@LAA,LAA,HOU,,,,,
47431-13412,SS,Donovan,Donovan Solano,Solano,15.34999975,6,2500,TEX@SFG,SFG,TEX,,,,,
47431-83051,2B,David,David Bote,Bote,16.47500038,4,2500,PIT@CHC,CHC,PIT,,,,,0
47431-38004,C,Austin,Austin Hedges,Hedges,0.583333333,6,2500,SDP@COL,SDP,COL,,,,,8
47431-13501,OF,Chris,Chris Owings,Owings,1.066666683,3,2500,SDP@COL,COL,SDP,,,,,0
47431-60635,OF,Raimel,Raimel Tapia,Tapia,4.724999905,4,2500,SDP@COL,COL,SDP,,,,,8
47431-79074,3B,Austin,Austin Riley,Riley,4.700000127,6,2500,NYM@ATL,ATL,NYM,,,,,7
47431-83183,SS,Eric,Eric Stamets,Stamets,2.919999949,15,2500,SDP@COL,COL,SDP,,,,,0
47431-38127,C,Tony,Tony Wolters,Wolters,6.425000191,4,2500,SDP@COL,COL,SDP,,,,,9
47431-60655,SS,Willy,Willy Adames,Adames,10.80000051,6,2500,TAM@BAL,TAM,BAL,,,,,3
47431-83196,SS,Chris,Chris Rabago,Rabago,0,0,2500,SDP@COL,COL,SDP,,,,,0
47431-85246,1B,Josh,Josh Fuentes,Fuentes,5.212499936,24,2500,SDP@COL,COL,SDP,,,,,0
47431-21797,2B,Jose,Jose Peraza,Peraza,7.128571647,7,2500,BOS@NYY,BOS,NYY,,,,,9
47431-79170,OF,Willie,Willie Calhoun,Calhoun,0,4,2500,TEX@SFG,TEX,SFG,,,,,
47431-38249,OF,Steven,Steven Souza Jr.,Souza Jr.,12.69999981,2,2500,PIT@CHC,CHC,PIT,,,,,0
47431-38252,OF,Stephen,Stephen Piscotty,Piscotty,5.300000191,4,2500,OAK@SEA,OAK,SEA,,,,,
47431-79223,OF,Josh,Josh Naylor,Naylor,0,2,2500,SDP@COL,SDP,COL,,,,,7
47431-79230,OF,Bryan,Bryan Reynolds,Reynolds,5.566666921,6,2500,PIT@CHC,PIT,CHC,,,,,5
47431-38326,OF,Nomar,Nomar Mazara,Mazara,10.17931077,116,2500,CWS@KAN,CWS,KAN,IL,Illness,,,0
47431-101827,2B,Luis,Luis Arraez,Arraez,8.819999695,5,2500,CLE@MIN,MIN,CLE,,,,,
47431-73159,OF,Mitch,Mitch Haniger,Haniger,11.59047638,63,2500,OAK@SEA,SEA,OAK,IL,Back,,,
47431-101842,1B,Ty,Ty France,France,7.775000095,4,2500,SDP@COL,SDP,COL,,,,,0
47431-5607,3B,Evan,Evan Longoria,Longoria,6.5,1,2500,TEX@SFG,SFG,TEX,,,,,
47431-13854,OF,Robbie,Robbie Grossman,Grossman,9.9,5,2500,OAK@SEA,OAK,SEA,,,,,
47431-14000,1B,Darin,Darin Ruf,Ruf,7.050000191,4,2500,TEX@SFG,SFG,TEX,,,,,
47431-14019,OF,Abraham,Abraham Almonte,Almonte,7.129411585,17,2500,SDP@COL,SDP,COL,,,,,0
47431-81622,C,Mitch,Mitch Garver,Garver,4.675000191,4,2500,CLE@MIN,MIN,CLE,,,,,
47431-118497,OF,Shogo,Shogo Akiyama,Akiyama,5.616666794,6,2500,CIN@DET,CIN,DET,,,,,1
47431-102301,2B,Nico,Nico Hoerner,Hoerner,10.85999985,5,2500,PIT@CHC,CHC,PIT,,,,,0
47431-38952,OF,Alex,Alex Dickerson,Dickerson,11.15999985,5,2400,TEX@SFG,SFG,TEX,,,,,
47431-81980,3B,Phillip,Phillip Evans,Evans,10.05000019,4,2400,PIT@CHC,PIT,CHC,,,,,0
47431-116867,C,Tyler,Tyler Heineman,Heineman,7.980000305,5,2400,TEX@SFG,SFG,TEX,,,,,
47431-84133,OF,Franmil,Franmil Reyes,Reyes,4.116666794,6,2400,CLE@MIN,CLE,MIN,,,,,
47431-39086,OF,Byron,Byron Buxton,Buxton,4.849999905,2,2400,CLE@MIN,MIN,CLE,,,,,
47431-80485,1B,Austin,Austin Slater,Slater,10.23333359,3,2400,TEX@SFG,SFG,TEX,,,,,
47431-12925,2B,Jason,Jason Kipnis,Kipnis,8.233333588,3,2400,PIT@CHC,CHC,PIT,,,,,8
47431-13253,C,Martin,Martin Maldonado,Maldonado,7.840000153,5,2400,HOU@LAA,HOU,LAA,,,,,
47431-82977,3B,Isiah,Isiah Kiner-Falefa,Kiner-Falefa,12.13333384,3,2400,TEX@SFG,TEX,SFG,,,,,
47431-11344,C,Jason,Jason Castro,Castro,8.475000381,4,2400,HOU@LAA,LAA,HOU,,,,,
47431-13436,C,Max,Max Stassi,Stassi,12.61999969,5,2400,HOU@LAA,LAA,HOU,,,,,
47431-21637,OF,Jackie,Jackie Bradley Jr.,Bradley Jr.,9.883333206,6,2400,BOS@NYY,BOS,NYY,,,,,8
47431-38117,OF,Adam,Adam Duvall,Duvall,4.442857197,7,2400,NYM@ATL,ATL,NYM,,,,,0
47431-79087,2B,Michael,Michael Chavis,Chavis,3.049999952,4,2400,BOS@NYY,BOS,NYY,,,,,7
47431-70898,2B,Adam,Adam Frazier,Frazier,6.233333588,6,2400,PIT@CHC,PIT,CHC,,,,,1
47431-83186,OF,Aristides,Aristides Aquino,Aquino,5.23333327,3,2400,CIN@DET,CIN,DET,,,,,0
47431-5390,2B,Robinson,Robinson Cano,Cano,5.728571211,7,2400,NYM@ATL,NYM,ATL,,,,,7
47431-79160,OF,Alex,Alex Verdugo,Verdugo,6.079999924,5,2400,BOS@NYY,BOS,NYY,,,,,6
47431-13638,3B,Wilmer,Wilmer Flores,Flores,6.67142868,7,2400,TEX@SFG,SFG,TEX,,,,,
47431-38218,1B,Christian,Christian Walker,Walker,9.383333206,6,2400,LOS@ARI,ARI,LOS,,,,,
47431-79218,SS,Kevin,Kevin Newman,Newman,3.924999952,4,2400,PIT@CHC,PIT,CHC,,,,,2
47431-13691,OF,Ender,Ender Inciarte,Inciarte,4.985714504,7,2400,NYM@ATL,ATL,NYM,,,,,9
47431-38615,OF,Domingo,Domingo Santana,Santana,7.340000153,5,2400,CLE@MIN,CLE,MIN,,,,,
47431-82414,OF,Victor,Victor Reyes,Reyes,7.766666412,6,2300,CIN@DET,DET,CIN,,,,,6
47431-17014,SS,Andrelton,Andrelton Simmons,Simmons,5.474999905,4,2300,HOU@LAA,LAA,HOU,IL,Ankle,,,
47431-13099,C,Travis,Travis d'Arnaud,d'Arnaud,12.69999981,1,2300,NYM@ATL,ATL,NYM,,,,,6
47431-68489,OF,Dwight,Dwight Smith Jr.,Smith Jr.,8.400000254,3,2300,TAM@BAL,BAL,TAM,,,,,0
47431-52151,OF,Phillip,Phillip Ervin,Ervin,3.679999924,5,2300,CIN@DET,CIN,DET,,,,,0
47431-52157,C,Tom,Tom Murphy,Murphy,9.623684532,76,2300,OAK@SEA,SEA,OAK,IL,Foot,,,
47431-80847,OF,Mike,Mike Tauchman,Tauchman,0,3,2300,BOS@NYY,NYY,BOS,,,,,0
47431-80848,C,Victor,Victor Caratini,Caratini,6.240000153,5,2300,PIT@CHC,CHC,PIT,,,,,7
47431-5146,OF,Hunter,Hunter Pence,Pence,0.5,6,2300,TEX@SFG,SFG,TEX,,,,,
47431-37983,C,Mike,Mike Zunino,Zunino,5.650000254,6,2300,TAM@BAL,TAM,BAL,,,,,9
47431-13422,OF,Jake,Jake Marisnick,Marisnick,0.6,5,2300,NYM@ATL,NYM,ATL,IL,Hamstring,,,0
47431-5263,OF,Nick,Nick Markakis,Markakis,9.42413751,116,2300,NYM@ATL,ATL,NYM,DTD,Undisclosed,,,0
47431-60630,OF,Bradley,Bradley Zimmer,Zimmer,6.700000218,7,2300,CLE@MIN,CLE,MIN,,,,,
47431-79141,1B,Ryan,Ryan O'Hearn,O'Hearn,7.175000191,4,2300,CWS@KAN,KAN,CWS,,,,,
47431-101753,3B,Dylan,Dylan Moore,Moore,20.45000076,2,2300,OAK@SEA,SEA,OAK,,,,,
47431-38282,1B,Daniel,Daniel Vogelbach,Vogelbach,2.25,4,2300,OAK@SEA,SEA,OAK,,,,,
47431-79262,1B,Ronald,Ronald Guzman,Guzman,6.199999809,1,2300,TEX@SFG,TEX,SFG,,,,,
47431-52732,OF,Jorge,Jorge Bonifacio,Bonifacio,10.61999969,5,2300,CIN@DET,DET,CIN,,,,,0
47431-81506,OF,Jordan,Jordan Luplow,Luplow,2.066666603,3,2300,CLE@MIN,CLE,MIN,,,,,
47431-38561,2B,Chris,Chris Taylor,Taylor,5.285714286,7,2300,LOS@ARI,LOS,ARI,,,,,
47431-12123,C,Wilson,Wilson Ramos,Ramos,4.03333346,6,2300,NYM@ATL,NYM,ATL,,,,,8
47431-38842,OF,Mallex,Mallex Smith,Smith,6.279999924,5,2300,OAK@SEA,SEA,OAK,,,,,
47431-116888,OF,Jaylin,Jaylin Davis,Davis,6.224999905,4,2200,TEX@SFG,SFG,TEX,,,,,
47431-12577,OF,Jarrod,Jarrod Dyson,Dyson,2,5,2200,PIT@CHC,PIT,CHC,,,,,9
47431-65991,C,Pedro,Pedro Severino,Severino,9.300000191,4,2200,TAM@BAL,BAL,TAM,,,,,5
47431-80457,OF,Adam,Adam Engel,Engel,8.350000381,4,2200,CWS@KAN,CWS,KAN,,,,,8
47431-12961,SS,Brandon,Brandon Crawford,Crawford,2.171428544,7,2200,TEX@SFG,SFG,TEX,,,,,
47431-12965,1B,Matt,Matt Davidson,Davidson,0,1,2200,CIN@DET,CIN,DET,,,,,0
47431-12988,C,Robinson,Robinson Chirinos,Chirinos,2,3,2200,TEX@SFG,TEX,SFG,,,,,
47431-82624,C,Sean,Sean Murphy,Murphy,6.175000191,4,2200,OAK@SEA,OAK,SEA,,,,,
47431-13009,C,Austin,Austin Romine,Romine,5.540000153,5,2200,CIN@DET,DET,CIN,,,,,8
47431-11129,OF,Jason,Jason Heyward,Heyward,5.020000076,5,2200,PIT@CHC,CHC,PIT,,,,,6
47431-68478,2B,Chad,Chad Pinder,Pinder,2,3,2200,OAK@SEA,OAK,SEA,,,,,
47431-68492,C,Chance,Chance Sisco,Sisco,6.099999905,2,2200,TAM@BAL,BAL,TAM,,,,,0
47431-68499,3B,Johan,Johan Camargo,Camargo,5.520000076,5,2200,NYM@ATL,ATL,NYM,,,,,0
47431-68537,2B,Tyler,Tyler Wade,Wade,2.299999952,4,2200,BOS@NYY,NYY,BOS,,,,,0
47431-5104,1B,Pablo,Pablo Sandoval,Sandoval,2.642857143,7,2200,TEX@SFG,SFG,TEX,,,,,
47431-13304,C,Tucker,Tucker Barnhart,Barnhart,9.5,1,2200,CIN@DET,CIN,DET,,,,,9
47431-5135,OF,Alex,Alex Gordon,Gordon,4.342857088,7,2200,CWS@KAN,KAN,CWS,,,,,
47431-5189,OF,Josh,Josh Reddick,Reddick,7.233333588,6,2200,HOU@LAA,HOU,LAA,,,,,
47431-21612,SS,Nick,Nick Ahmed,Ahmed,2.171428544,7,2200,LOS@ARI,ARI,LOS,,,,,
47431-54401,OF,Manuel,Manuel Margot,Margot,3.514285769,7,2200,TAM@BAL,TAM,BAL,,,,,8
47431-5282,C,Jeff,Jeff Mathis,Mathis,12,1,2200,TEX@SFG,TEX,SFG,,,,,
47431-83143,OF,Oscar,Oscar Mercado,Mercado,2.75,6,2200,CLE@MIN,CLE,MIN,,,,,
47431-109803,C,Austin,Austin Nola,Nola,5.300000191,4,2200,OAK@SEA,SEA,OAK,DTD,Knee,,,
47431-79219,SS,Cole,Cole Tucker,Tucker,5.133333206,3,2200,PIT@CHC,PIT,CHC,,,,,7
47431-101821,3B,Edwin,Edwin Rios,Rios,7.400000254,3,2200,LOS@ARI,LOS,ARI,,,,,
47431-71182,3B,Jeimer,Jeimer Candelario,Candelario,1.2,5,2200,CIN@DET,DET,CIN,,,,,0
47431-13961,OF,Kevin,Kevin Kiermaier,Kiermaier,7.228571211,7,2200,TAM@BAL,TAM,BAL,,,,,7
47431-52885,C,Dustin,Dustin Garneau,Garneau,9.350000381,2,2200,HOU@LAA,HOU,LAA,,,,,
47431-11989,OF,Jon,Jon Jay,Jay,6.5,1,2200,LOS@ARI,ARI,LOS,,,,,
47431-71508,2B,Mike,Mike Freeman,Freeman,3,2,2200,CLE@MIN,CLE,MIN,,,,,
47431-102284,C,William,William Contreras,Contreras,4.625,4,2200,NYM@ATL,ATL,NYM,,,,,0
47431-6047,OF,Cameron,Cameron Maybin,Maybin,4.066666603,6,2200,CIN@DET,DET,CIN,IL,Quadriceps,,,0
47431-12237,C,Jonathan,Jonathan Lucroy,Lucroy,0,1,2200,BOS@NYY,BOS,NYY,,,,,0
47431-38872,OF,Jesse,Jesse Winker,Winker,4.649999936,6,2200,CIN@DET,CIN,DET,,,,,6
47431-82021,C,Tomas,Tomas Nido,Nido,12.19999981,1,2100,NYM@ATL,NYM,ATL,,,,,0
47431-116865,1B,Ryan,Ryan McBroom,McBroom,1.9,5,2100,CWS@KAN,KAN,CWS,,,,,
47431-6282,C,Tyler,Tyler Flowers,Flowers,3,1,2100,NYM@ATL,ATL,NYM,,,,,0
47431-102591,OF,Jake,Jake Fraley,Fraley,3.34166654,12,2100,OAK@SEA,SEA,OAK,,,,,
47431-53757,OF,Rob,Rob Refsnyder,Refsnyder,9.199999809,1,2100,TEX@SFG,TEX,SFG,,,,,
47431-80459,OF,Franchy,Franchy Cordero,Cordero,4.379999924,5,2100,CWS@KAN,KAN,CWS,,,,,
47431-21165,C,Roberto,Roberto Perez,Perez,3.066666603,3,2100,CLE@MIN,CLE,MIN,IL,Shoulder,,,
47431-68471,2B,Tony,Tony Kemp,Kemp,2.066666603,3,2100,OAK@SEA,OAK,SEA,,,,,
47431-68538,2B,Franklin,Franklin Barreto,Barreto,0,1,2100,OAK@SEA,OAK,SEA,,,,,
47431-52171,C,Kevin,Kevin Plawecki,Plawecki,12.35000038,2,2100,BOS@NYY,BOS,NYY,,,,,0
47431-5084,C,Chris,Chris Iannetta,Iannetta,7.201923077,52,2100,BOS@NYY,NYY,BOS,,,,,0
47431-97257,OF,Myles,Myles Straw,Straw,18.5,1,2100,HOU@LAA,HOU,LAA,,,,,
47431-5122,C,Alex,Alex Avila,Avila,7.849999905,2,2100,CLE@MIN,MIN,CLE,,,,,
47431-70665,C,Jacob,Jacob Stallings,Stallings,6.349999905,4,2100,PIT@CHC,PIT,CHC,,,,,8
47431-13516,C,Stephen,Stephen Vogt,Vogt,3.166666667,3,2100,LOS@ARI,ARI,LOS,,,,,
47431-79068,3B,Dawel,Dawel Lugo,Lugo,3.099999905,2,2100,CIN@DET,DET,CIN,,,,,0
47431-79131,OF,Christin,Christin Stewart,Stewart,4.457142966,7,2100,CIN@DET,DET,CIN,,,,,7
47431-85274,OF,DJ,DJ Stewart,Stewart,3,3,2100,TAM@BAL,BAL,TAM,,,,,8
47431-38196,3B,Jake,Jake Lamb,Lamb,2,6,2100,LOS@ARI,ARI,LOS,,,,,
47431-79181,2B,Mauricio,Mauricio Dubon,Dubon,3.649999936,6,2100,TEX@SFG,SFG,TEX,,,,,
47431-38223,OF,Travis,Travis Jankowski,Jankowski,6.200000127,3,2100,CIN@DET,CIN,DET,,,,,0
47431-13687,3B,Jordy,Jordy Mercer,Mercer,3.099999905,2,2100,CIN@DET,DET,CIN,,,,,0
47431-38276,OF,Albert,Albert Almora Jr.,Almora Jr.,1.8,5,2100,PIT@CHC,CHC,PIT,,,,,0
47431-101820,1B,Matt,Matt Beaty,Beaty,0,1,2100,LOS@ARI,LOS,ARI,,,,,
47431-116339,3B,Abraham,Abraham Toro,Toro,3.049999952,4,2100,HOU@LAA,HOU,LAA,,,,,
47431-104085,OF,Josh,Josh VanMeter,VanMeter,3.640000153,5,2100,CIN@DET,CIN,DET,,,,,0
47431-14018,C,John Ryan,John Ryan Murphy,Murphy,5.23333327,3,2100,PIT@CHC,PIT,CHC,,,,,0
47431-5904,1B,Chris,Chris Davis,Davis,4.166666667,3,2100,TAM@BAL,BAL,TAM,DTD,Illness,,,0
47431-110404,2B,Mike,Mike Brosseau,Brosseau,3.139999962,5,2100,TAM@BAL,TAM,BAL,,,,,0
47431-6029,2B,Jed,Jed Lowrie,Lowrie,0.333333333,9,2100,NYM@ATL,NYM,ATL,IL,Knee,,,0
47431-135190,SS,Taylor,Taylor Walls,Walls,0,0,2000,TAM@BAL,TAM,BAL,,,,,0
47431-135195,C,Sebastian,Sebastian Rivero,Rivero,0,0,2000,CWS@KAN,KAN,CWS,,,,,
47431-135193,2B,Esteban,Esteban Quiroz,Quiroz,0,0,2000,TAM@BAL,TAM,BAL,,,,,0
47431-104483,1B,Jared,Jared Walsh,Walsh,0.800000012,4,2000,HOU@LAA,LAA,HOU,,,,,
47431-135207,2B,Alex,Alex De Goti,De Goti,0,0,2000,HOU@LAA,HOU,LAA,,,,,
47431-135210,C,Jamie,Jamie Ritchie,Ritchie,0,0,2000,HOU@LAA,HOU,LAA,,,,,
47431-38955,OF,Joey,Joey Rickard,Rickard,5.09999982,68,2000,TEX@SFG,SFG,TEX,,,,,
47431-135215,C,Colton,Colton Shaver,Shaver,0,0,2000,HOU@LAA,HOU,LAA,,,,,
47431-79918,C,Kyle,Kyle Higashioka,Higashioka,0,1,2000,BOS@NYY,NYY,BOS,,,,,9
47431-135213,C,Michael,Michael Papierski,Papierski,0,0,2000,HOU@LAA,HOU,LAA,,,,,
47431-135218,OF,Jake,Jake Meyers,Meyers,0,0,2000,HOU@LAA,HOU,LAA,,,,,
47431-135216,OF,Chas,Chas McCormick,McCormick,0,0,2000,HOU@LAA,HOU,LAA,,,,,
47431-135217,3B,Nick,Nick Tanielu,Tanielu,0,0,2000,HOU@LAA,HOU,LAA,,,,,
47431-135227,2B,Jose,Jose Rojas,Rojas,0,0,2000,HOU@LAA,LAA,HOU,,,,,
47431-135230,SS,Elliot,Elliot Soto,Soto,0,0,2000,HOU@LAA,LAA,HOU,,,,,
47431-135228,C,Jack,Jack Kruger,Kruger,0,0,2000,HOU@LAA,LAA,HOU,,,,,
47431-135235,C,Christian,Christian Kelley,Kelley,0,0,2000,PIT@CHC,PIT,CHC,,,,,0
47431-61506,C,Oscar,Oscar Hernandez,Hernandez,2.066666603,3,2000,CWS@KAN,KAN,CWS,,,,,
47431-135239,SS,Rodolfo,Rodolfo Castro,Castro,0,0,2000,PIT@CHC,PIT,CHC,,,,,0
47431-135240,1B,Mason,Mason Martin,Martin,0,0,2000,PIT@CHC,PIT,CHC,,,,,0
47431-135263,C,Brian,Brian O'Keefe,O'Keefe,0,0,2000,OAK@SEA,SEA,OAK,,,,,
47431-135267,2B,Kaden,Kaden Polcovich,Polcovich,0,0,2000,OAK@SEA,SEA,OAK,,,,,
47431-135265,3B,Austin,Austin Shenton,Shenton,0,0,2000,OAK@SEA,SEA,OAK,,,,,
47431-135271,3B,Tyler,Tyler Keenan,Keenan,0,0,2000,OAK@SEA,SEA,OAK,,,,,
47431-135269,OF,Zach,Zach DeLoach,DeLoach,0,0,2000,OAK@SEA,SEA,OAK,,,,,
47431-135274,OF,Zach,Zach Reks,Reks,0,0,2000,LOS@ARI,LOS,ARI,IL,Undisclosed,,,
47431-135272,OF,Cody,Cody Thomas,Thomas,0,0,2000,LOS@ARI,LOS,ARI,IL,Undisclosed,,,
47431-114796,C,Nick,Nick Dini,Dini,6.709999847,20,2000,CWS@KAN,KAN,CWS,,,,,
47431-135276,C,Patrick,Patrick Mazeika,Mazeika,0,0,2000,NYM@ATL,NYM,ATL,,,,,0
47431-135277,OF,Johneshwy,Johneshwy Fargas,Fargas,0,0,2000,NYM@ATL,NYM,ATL,,,,,0
47431-116866,2B,Danny,Danny Mendick,Mendick,1,3,2000,CWS@KAN,CWS,KAN,,,,,0
47431-116869,SS,Erick,Erick Mejia,Mejia,0,4,2000,CWS@KAN,KAN,CWS,,,,,
47431-135310,C,Chadwick,Chadwick Tromp,Tromp,0,1,2000,TEX@SFG,SFG,TEX,,,,,
47431-73871,C,Carson,Carson Kelly,Kelly,4.166666667,6,2000,LOS@ARI,ARI,LOS,,,,,
47431-73879,3B,Pat,Pat Valaika,Valaika,3.849999905,4,2000,TAM@BAL,BAL,TAM,,,,,7
47431-39090,SS,Erik,Erik Gonzalez,Gonzalez,0.75,4,2000,PIT@CHC,PIT,CHC,,,,,0
47431-104629,SS,Jack,Jack Mayfield,Mayfield,3.200000048,1,2000,HOU@LAA,HOU,LAA,,,,,
47431-12505,2B,Eduardo,Eduardo Nunez,Nunez,4.5,2,2000,NYM@ATL,NYM,ATL,IL,Knee,,,0
47431-102621,SS,Wander,Wander Franco,Franco,0,0,2000,TAM@BAL,TAM,BAL,,,,,0
47431-53476,OF,Scott,Scott Schebler,Schebler,5.189999898,30,2000,NYM@ATL,ATL,NYM,,,,,0
47431-117011,OF,Johnny,Johnny Davis,Davis,3.125,8,2000,TAM@BAL,TAM,BAL,,,,,0
47431-110911,OF,Robel,Robel Garcia,Garcia,6.229032455,31,2000,CIN@DET,CIN,DET,,,,,0
47431-82251,OF,Tim,Tim Locastro,Locastro,1.600000024,4,2000,LOS@ARI,ARI,LOS,,,,,
47431-135529,OF,Jake,Jake Vogel,Vogel,0,0,2000,LOS@ARI,LOS,ARI,,,,,
47431-12660,3B,Daniel,Daniel Descalso,Descalso,3.945121951,82,2000,PIT@CHC,CHC,PIT,IL,Ankle,,,0
47431-84401,1B,Brandon,Brandon Dixon,Dixon,7.866101798,118,2000,CIN@DET,DET,CIN,,,,,0
47431-135646,C,Carson,Carson Taylor,Taylor,0,0,2000,LOS@ARI,LOS,ARI,,,,,
47431-135649,OF,Anthony,Anthony Garcia,Garcia,0,0,2000,LOS@ARI,LOS,ARI,,,,,
47431-96762,2B,Kevin,Kevin Kramer,Kramer,3.431818182,22,2000,PIT@CHC,PIT,CHC,IL,Hip,,,0
47431-96765,C,Joe,Joe Hudson,Hudson,2,3,2000,OAK@SEA,SEA,OAK,,,,,
47431-119333,SS,Tyler,Tyler Freeman,Freeman,0,0,2000,CLE@MIN,CLE,MIN,,,,,
47431-119332,SS,Yordys,Yordys Valdes,Valdes,0,0,2000,CLE@MIN,CLE,MIN,,,,,
47431-119338,OF,Jordan,Jordan Brewer,Brewer,0,0,2000,HOU@LAA,HOU,LAA,,,,,
47431-119341,SS,Wenceel,Wenceel Perez,Perez,0,0,2000,CIN@DET,DET,CIN,,,,,0
47431-119342,3B,Nick,Nick Quintana,Quintana,0,0,2000,CIN@DET,DET,CIN,,,,,0
47431-119345,SS,Jeremy,Jeremy Pena,Pena,0,0,2000,HOU@LAA,HOU,LAA,,,,,
47431-119344,SS,Grae,Grae Kessinger,Kessinger,0,0,2000,HOU@LAA,HOU,LAA,,,,,
47431-119346,C,Korey,Korey Lee,Lee,0,0,2000,HOU@LAA,HOU,LAA,,,,,
47431-119349,SS,Bobby,Bobby Witt Jr.,Witt Jr.,0,0,2000,CWS@KAN,KAN,CWS,,,,,
47431-119353,3B,Kody,Kody Hoese,Hoese,0,0,2000,LOS@ARI,LOS,ARI,,,,,
47431-119352,2B,Michael,Michael Busch,Busch,0,0,2000,LOS@ARI,LOS,ARI,,,,,
47431-16955,OF,Bubba,Bubba Starling,Starling,3.75,6,2000,CWS@KAN,KAN,CWS,,,,,
47431-72261,OF,Guillermo,Guillermo Heredia,Heredia,3.240000153,5,2000,PIT@CHC,PIT,CHC,,,,,0
47431-72264,SS,Max,Max Moroff,Moroff,2.979999924,20,2000,NYM@ATL,NYM,ATL,,,,,0
47431-119371,2B,Devin,Devin Mann,Mann,0,0,2000,LOS@ARI,LOS,ARI,,,,,
47431-119372,3B,Miguel,Miguel Vargas,Vargas,0,0,2000,LOS@ARI,LOS,ARI,,,,,
47431-119376,3B,Brett,Brett Baty,Baty,0,0,2000,NYM@ATL,NYM,ATL,,,,,0
47431-16992,3B,Jake,Jake Elmore,Elmore,3.129999924,20,2000,CLE@MIN,CLE,MIN,,,,,
47431-82536,OF,Cedric,Cedric Mullins,Mullins,1.549999952,4,2000,TAM@BAL,BAL,TAM,,,,,0
47431-119407,OF,Sammy,Sammy Siani,Siani,0,0,2000,PIT@CHC,PIT,CHC,,,,,0
47431-119408,2B,Ji-Hwan,Ji-Hwan Bae,Bae,0,0,2000,PIT@CHC,PIT,CHC,,,,,0
47431-135799,C,David,David Rodriguez,Rodriguez,0,0,2000,NYM@ATL,NYM,ATL,,,,,0
47431-135801,1B,Jake,Jake Hager,Hager,0,0,2000,NYM@ATL,NYM,ATL,,,,,0
47431-119427,1B,Logan,Logan Wyatt,Wyatt,0,0,2000,TEX@SFG,SFG,TEX,,,,,
47431-70277,C,Kevan,Kevan Smith,Smith,2.066666603,3,2000,TAM@BAL,TAM,BAL,,,,,0
47431-119429,3B,Luis,Luis Toribio,Toribio,0,0,2000,TEX@SFG,SFG,TEX,,,,,
47431-119428,SS,Will,Will Wilson,Wilson,0,0,2000,TEX@SFG,SFG,TEX,,,,,
47431-12935,2B,Dee,Dee Gordon,Gordon,5.349999905,4,2000,OAK@SEA,SEA,OAK,,,,,
47431-119432,SS,Greg,Greg Jones,Jones,0,0,2000,TAM@BAL,TAM,BAL,,,,,0
47431-119434,OF,Moises,Moises Gomez,Gomez,0,0,2000,TAM@BAL,TAM,BAL,,,,,0
47431-119440,3B,Davis,Davis Wendzel,Wendzel,0,0,2000,TEX@SFG,TEX,SFG,,,,,
47431-82581,OF,Michael,Michael Hermosillo,Hermosillo,0.75,4,2000,HOU@LAA,LAA,HOU,,,,,
47431-113309,OF,Josh,Josh Rojas,Rojas,0,1,2000,LOS@ARI,ARI,LOS,,,,,
47431-21161,2B,Yolmer,Yolmer Sanchez,Sanchez,6.666442871,149,2000,TEX@SFG,SFG,TEX,,,,,
47431-82613,SS,Thairo,Thairo Estrada,Estrada,3,1,2000,BOS@NYY,NYY,BOS,,,,,0
47431-82617,SS,Andres,Andres Gimenez,Gimenez,3.528571538,7,2000,NYM@ATL,NYM,ATL,,,,,9
47431-82616,SS,Luis,Luis Guillorme,Guillorme,0,1,2000,NYM@ATL,NYM,ATL,,,,,0
47431-17105,C,Sandy,Sandy Leon,Leon,3,3,2000,CLE@MIN,CLE,MIN,,,,,
47431-82661,OF,Daniel,Daniel Johnson,Johnson,2,3,2000,CLE@MIN,CLE,MIN,,,,,
47431-13034,OF,Charlie,Charlie Culberson,Culberson,0,3,2000,NYM@ATL,ATL,NYM,,,,,0
47431-13054,C,Rob,Rob Brantly,Brantly,0,1,2000,TEX@SFG,SFG,TEX,,,,,
47431-13060,SS,Adeiny,Adeiny Hechavarria,Hechavarria,0,2,2000,NYM@ATL,ATL,NYM,,,,,8
47431-84742,C,Willians,Willians Astudillo,Astudillo,7.053448381,58,2000,CLE@MIN,MIN,CLE,,,,,
47431-54049,2B,Aledmys,Aledmys Diaz,Diaz,6.199999809,1,2000,HOU@LAA,HOU,LAA,IL,Groin,,,
47431-13098,C,Rene,Rene Rivera,Rivera,1.5,2,2000,NYM@ATL,NYM,ATL,,,,,0
47431-136090,SS,Nick,Nick Gonzales,Gonzales,0,0,2000,PIT@CHC,PIT,CHC,,,,,0
47431-13238,C,Josh,Josh Phegley,Phegley,4.699999809,2,2000,PIT@CHC,CHC,PIT,,,,,0
47431-52156,OF,Rosell,Rosell Herrera,Herrera,3.69047619,63,2000,BOS@NYY,NYY,BOS,,,,,0
47431-80836,SS,Tzu-Wei,Tzu-Wei Lin,Lin,1,3,2000,BOS@NYY,BOS,NYY,,,,,0
47431-68554,3B,Andrew,Andrew Velazquez,Velazquez,0,3,2000,TAM@BAL,BAL,TAM,,,,,9
47431-68557,OF,Ryan,Ryan Cordell,Cordell,6,1,2000,NYM@ATL,NYM,ATL,,,,,0
47431-80852,SS,Ildemaro,Ildemaro Vargas,Vargas,2.299999952,4,2000,LOS@ARI,ARI,LOS,,,,,
47431-97291,2B,Harold,Harold Castro,Castro,1,6,2000,CIN@DET,DET,CIN,,,,,5
47431-13346,3B,Ryan,Ryan Goins,Goins,1.600000024,2,2000,CWS@KAN,CWS,KAN,,,,,0
47431-13368,OF,Billy,Billy Hamilton,Hamilton,5.652941279,119,2000,TEX@SFG,SFG,TEX,,,,,
47431-58431,OF,Terrance,Terrance Gore,Gore,0,2,2000,LOS@ARI,LOS,ARI,,,,,
47431-21618,C,Rocky,Rocky Gale,Gale,1.839999962,5,2000,LOS@ARI,LOS,ARI,,,,,
47431-136317,OF,Aaron,Aaron Whitefield,Whitefield,1.066666683,3,2000,CLE@MIN,MIN,CLE,,,,,
47431-13535,2B,Ehire,Ehire Adrianza,Adrianza,3.099999905,2,2000,CLE@MIN,MIN,CLE,,,,,
47431-83173,C,Jose,Jose Trevino,Trevino,6.349999905,2,2000,TEX@SFG,TEX,SFG,,,,,
47431-83177,C,Grayson,Grayson Greiner,Greiner,1.549999952,4,2000,CIN@DET,DET,CIN,,,,,0
47431-60649,C,Alex,Alex Jackson,Jackson,3,3,2000,NYM@ATL,ATL,NYM,,,,,0
47431-60652,2B,Christian,Christian Arroyo,Arroyo,0,1,2000,CLE@MIN,CLE,MIN,,,,,
47431-83180,C,Meibrys,Meibrys Viloria,Viloria,5.211904617,42,2000,CWS@KAN,KAN,CWS,,,,,
47431-83188,3B,Kelvin,Kelvin Gutierrez,Gutierrez,7.515000153,20,2000,CWS@KAN,KAN,CWS,IL,Elbow,,,
47431-5366,2B,Dustin,Dustin Pedroia,Pedroia,2.616666635,6,2000,BOS@NYY,BOS,NYY,IL,Knee,,,0
47431-38140,1B,Greg,Greg Bird,Bird,6.769999695,10,2000,TEX@SFG,TEX,SFG,,,,,
47431-79104,C,Zack,Zack Collins,Collins,1,3,2000,CWS@KAN,CWS,KAN,,,,,0
47431-79110,C,Tyler,Tyler Stephenson,Stephenson,31.39999962,1,2000,CIN@DET,CIN,DET,,,,,0
47431-79112,3B,Yu,Yu Chang,Chang,4.599999905,2,2000,CLE@MIN,CLE,MIN,,,,,
47431-79115,OF,Greg,Greg Allen,Allen,0,5,2000,CLE@MIN,CLE,MIN,,,,,
47431-13586,2B,Christian,Christian Colon,Colon,0,3,2000,CIN@DET,CIN,DET,,,,,0
47431-85266,1B,Kevin,Kevin Cron,Cron,1.5,2,2000,LOS@ARI,ARI,LOS,,,,,
47431-79128,C,Garrett,Garrett Stubbs,Stubbs,0,2,2000,HOU@LAA,HOU,LAA,,,,,
47431-79138,3B,Jonathan,Jonathan Arauz,Arauz,1.066666683,3,2000,BOS@NYY,BOS,NYY,,,,,0
47431-79151,3B,Taylor,Taylor Ward,Ward,3.58571434,7,2000,HOU@LAA,LAA,HOU,,,,,
47431-79152,3B,Matt,Matt Thaiss,Thaiss,0,3,2000,HOU@LAA,LAA,HOU,,,,,
47431-21815,OF,Socrates,Socrates Brito,Brito,2.941176471,17,2000,PIT@CHC,PIT,CHC,,,,,0
47431-136504,C,Patrick,Patrick Bailey,Bailey,0,0,2000,TEX@SFG,SFG,TEX,,,,,
47431-79176,OF,JT,JT Riddle,Riddle,5.058823529,51,2000,PIT@CHC,PIT,CHC,IL,Abdomen,,,0
47431-85320,C,Michael,Michael Perez,Perez,0.6,5,2000,TAM@BAL,TAM,BAL,,,,,0
47431-79204,SS,Richie,Richie Martin,Martin,4.719166565,120,2000,TAM@BAL,BAL,TAM,IL,Wrist,,,0
47431-79222,OF,Dylan,Dylan Cozens,Cozens,0,1,2000,TAM@BAL,TAM,BAL,,,,,0
47431-79236,OF,Drew,Drew Jackson,Jackson,1,3,2000,LOS@ARI,LOS,ARI,,,,,
47431-79240,C,Aramis,Aramis Garcia,Garcia,4.694444444,18,2000,TEX@SFG,SFG,TEX,IL,Hip,,,
47431-38293,OF,Tyler,Tyler Naquin,Naquin,7.68314593,89,2000,CLE@MIN,CLE,MIN,IL,Toe,,,
47431-38297,C,Austin,Austin Barnes,Barnes,3.875,4,2000,LOS@ARI,LOS,ARI,,,,,
47431-101787,OF,LaMonte,LaMonte Wade Jr.,Wade Jr.,0,1,2000,CLE@MIN,MIN,CLE,,,,,
47431-79263,OF,Leody,Leody Taveras,Taveras,0,1,2000,TEX@SFG,TEX,SFG,,,,,
47431-118181,1B,Taylor,Taylor Jones,Jones,0,1,2000,HOU@LAA,HOU,LAA,,,,,
47431-118193,OF,Nick,Nick Heath,Heath,0,1,2000,CWS@KAN,KAN,CWS,,,,,
47431-101817,SS,Luis,Luis Rengifo,Rengifo,0,2,2000,HOU@LAA,LAA,HOU,,,,,
47431-101835,C,Austin,Austin Allen,Allen,1,3,2000,OAK@SEA,OAK,SEA,,,,,
47431-101837,OF,Jason,Jason Martin,Martin,4,20,2000,PIT@CHC,PIT,CHC,,,,,0
47431-101848,OF,Scott,Scott Heineman,Heineman,0,1,2000,TEX@SFG,TEX,SFG,,,,,
47431-101853,OF,Joe,Joe McCarthy,McCarthy,0,4,2000,TEX@SFG,SFG,TEX,,,,,
47431-13794,OF,Delino,Delino DeShields,DeShields,7.503390037,118,2000,CLE@MIN,CLE,MIN,IL,Illness,,,
47431-38411,2B,Alen,Alen Hanson,Hanson,3.833333333,18,2000,OAK@SEA,SEA,OAK,,,,,
47431-85520,OF,Adolis,Adolis Garcia,Garcia,0,1,2000,TEX@SFG,TEX,SFG,,,,,
47431-101910,1B,Connor,Connor Joe,Joe,1.149999976,8,2000,LOS@ARI,LOS,ARI,,,,,
47431-95772,C,Beau,Beau Taylor,Taylor,0,1,2000,CLE@MIN,CLE,MIN,,,,,
47431-81511,1B,Kyle,Kyle Farmer,Farmer,0,2,2000,CIN@DET,CIN,DET,,,,,0
47431-81530,OF,Nicky,Nicky Delmonico,Delmonico,3.1,5,2000,CWS@KAN,CWS,KAN,,,,,0
47431-118398,SS,Vimael,Vimael Machin,Machin,0,2,2000,OAK@SEA,OAK,SEA,,,,,
47431-81570,C,Cam,Cam Gallagher,Gallagher,5.928888618,45,2000,CWS@KAN,KAN,CWS,IL,Illness,,,
47431-14012,OF,Jarrett,Jarrett Parker,Parker,2.439999962,5,2000,NYM@ATL,NYM,ATL,,,,,0
47431-38592,1B,Cheslor,Cheslor Cuthbert,Cuthbert,0,1,2000,CWS@KAN,CWS,KAN,,,,,0
47431-112337,3B,Zach,Zach Green,Green,2.712500095,8,2000,TEX@SFG,SFG,TEX,,,,,
47431-110306,SS,Humberto,Humberto Arteaga,Arteaga,4.126829194,41,2000,CWS@KAN,KAN,CWS,,,,,
47431-116450,1B,Seth,Seth Brown,Brown,0,1,2000,OAK@SEA,OAK,SEA,,,,,
47431-52995,C,Luke,Luke Maile,Maile,3.873333401,45,2000,PIT@CHC,PIT,CHC,IL,Finger,,,0
47431-53007,3B,Daniel,Daniel Robertson,Robertson,5.744594677,74,2000,TAM@BAL,TAM,BAL,,,,,0
47431-137070,C,Joe,Joe Odom,Odom,1.5,2,2000,OAK@SEA,SEA,OAK,,,,,
47431-79785,1B,Jose,Jose Marmolejos,Marmolejos,5.28333346,6,2000,OAK@SEA,SEA,OAK,,,,,
47431-102331,2B,Nicky,Nicky Lopez,Lopez,1.5,6,2000,CWS@KAN,KAN,CWS,,,,,
47431-102390,C,Travis,Travis Swaggerty,Swaggerty,0,0,2000,PIT@CHC,PIT,CHC,,,,,0